crashid,location,severity_rating5,intersection,alcohol_involved,hazmat_involved,hs_collision_type,crash_type,road_sys_code,road_horiz_align_code,road_grade_code,road_surf_code,surf_cond_code,light_cond_code,environ_cond_code,road_median_code,temp_traffic_zone,posted_speed,first_harmful_event,flg_cell_in_use
12-04-2018-18-79321,MIDDLESEX-EAST BRUNSWICK TWP,4,N,N,N,2,1,2,1,4,2,2,1,5,1,1,45,26,N
12-04-2018-18-78545,MIDDLESEX-EAST BRUNSWICK TWP,4,N,N,N,2,1,2,1,4,2,1,6,1,1,1,45,26,N
12-04-2018-18-78933,MIDDLESEX-EAST BRUNSWICK TWP,4,N,N,N,2,1,2,1,4,2,2,1,2,1,1,45,26,N
12-04-2018-18-42193,MIDDLESEX-EAST BRUNSWICK TWP,4,Y,N,N,2,3,5,1,4,2,1,1,1,5,1,40,26,N
12-04-2018-18-79405,MIDDLESEX-EAST BRUNSWICK TWP,4,N,N,N,2,3,5,1,4,2,1,6,1,5,1,35,26,N
12-04-2018-18-79110,MIDDLESEX-EAST BRUNSWICK TWP,4,Y,N,N,4,3,5,1,4,2,1,6,1,4,1,40,26,N
12-04-2018-18-78941,MIDDLESEX-EAST BRUNSWICK TWP,4,N,N,N,4,11,7,1,4,1,2,3,2,5,1,50,,N
12-04-2018-18-77498,MIDDLESEX-EAST BRUNSWICK TWP,4,N,N,N,2,1,2,1,4,2,1,6,1,1,1,45,26,N
12-04-2018-18-80226,MIDDLESEX-EAST BRUNSWICK TWP,4,Y,N,N,2,7,5,1,4,2,1,1,1,4,1,35,26,N
12-04-2018-18-77072,MIDDLESEX-EAST BRUNSWICK TWP,5,N,N,N,2,1,2,1,4,2,1,1,5,1,,45,26,N
12-04-2018-18-79333,MIDDLESEX-EAST BRUNSWICK TWP,4,N,N,N,2,1,5,1,4,2,1,1,1,2,1,50,26,N
12-04-2018-18-79796,MIDDLESEX-EAST BRUNSWICK TWP,4,N,N,N,2,1,2,1,4,2,1,6,1,1,1,45,26,N
12-04-2018-18-50847,MIDDLESEX-EAST BRUNSWICK TWP,4,Y,N,N,2,3,2,1,4,2,1,1,1,1,1,45,26,N
12-04-2018-18-78338,MIDDLESEX-EAST BRUNSWICK TWP,4,N,N,N,2,1,2,1,4,2,1,6,1,4,1,35,26,N
12-05-2018-18070307,MIDDLESEX-EDISON TWP,4,Y,N,N,2,2,2,1,4,2,1,1,1,5,1,40,26,N
12-05-2018-B130-2018-04345A,MIDDLESEX-EDISON TWP,5,N,N,N,2,6,1,3,4,2,2,7,2,3,1,65,28,N
12-05-2018-18027123,MIDDLESEX-EDISON TWP,4,N,N,N,7,1,5,1,4,2,1,1,5,5,1,35,26,N
12-05-2018-18058620,MIDDLESEX-EDISON TWP,4,N,N,N,5,14,5,1,4,2,1,3,1,5,1,40,26,N
12-05-2018-18051296,MIDDLESEX-EDISON TWP,4,N,N,N,2,1,2,1,4,2,1,1,1,1,1,55,26,N
12-05-2018-B130-2018-00620A,MIDDLESEX-EDISON TWP,4,N,N,N,2,2,2,1,4,2,1,1,1,1,1,55,26,N
12-05-2018-18026262,MIDDLESEX-EDISON TWP,4,Y,N,N,2,3,2,1,6,2,2,2,1,5,,40,26,N
12-05-2018-18005865,MIDDLESEX-EDISON TWP,5,N,N,N,1,13,5,1,4,2,2,6,1,5,1,25,22,N
12-05-2018-18056542,MIDDLESEX-EDISON TWP,5,N,N,N,1,13,7,1,4,2,1,1,1,4,1,25,22,N
12-05-2018-18061524,MIDDLESEX-EDISON TWP,4,Y,N,N,2,3,2,1,4,2,1,1,1,5,1,40,26,N
12-05-2018-18054845,MIDDLESEX-EDISON TWP,5,N,N,N,7,11,7,3,4,2,2,1,2,4,1,25,56,N
12-05-2018-B130-2018-04193A,MIDDLESEX-EDISON TWP,5,N,N,N,4,11,1,1,4,2,1,1,1,1,1,65,46,N
12-05-2018-18029597,MIDDLESEX-EDISON TWP,4,N,N,N,2,1,2,1,4,2,1,1,1,1,1,50,26,N
12-05-2018-18073014,MIDDLESEX-EDISON TWP,4,N,N,N,5,14,2,1,4,2,2,4,1,1,1,50,21,N
12-07-2018-I-2018-002321,MIDDLESEX-HIGHLAND PARK BORO,5,Y,Y,N,7,11,2,1,8,2,1,6,1,5,1,30,48,N
12-10-2018-18-36201,MIDDLESEX-METUCHEN BORO,4,Y,N,N,1,13,5,1,4,2,1,1,1,5,1,25,22,N
12-10-2018-18-35584,MIDDLESEX-METUCHEN BORO,4,N,N,N,2,1,5,1,4,2,1,1,1,5,1,25,26,N
12-11-2018-2018015313,MIDDLESEX-MIDDLESEX BORO,5,Y,N,N,2,3,2,1,4,2,1,1,1,5,1,35,26,N
12-13-2018-18016854,MIDDLESEX-MONROE TWP,5,N,N,N,1,13,9,1,6,1,1,1,5,5,1,,22,N
12-13-2018-D010-2018-00010A,MIDDLESEX-MONROE TWP,5,N,Y,N,4,11,3,3,4,2,1,6,1,1,1,65,60,N
12-13-2018-18028155,MIDDLESEX-MONROE TWP,5,Y,N,N,4,3,5,1,4,2,2,1,2,5,1,40,26,N
12-13-2018-18002064,MIDDLESEX-MONROE TWP,4,Y,N,N,3,3,5,2,5,2,1,1,1,5,2,50,26,N
12-14-2018-18-66342,MIDDLESEX-NEW BRUNSWICK CITY,5,N,N,N,1,13,2,3,,2,2,6,1,1,1,45,,N
12-14-2018-18-86434,MIDDLESEX-NEW BRUNSWICK CITY,4,N,Y,N,1,13,5,1,5,2,2,6,2,5,,25,22,N
12-14-2018-18-74223,MIDDLESEX-NEW BRUNSWICK CITY,4,Y,N,N,2,4,2,1,4,2,2,1,2,4,1,25,,N
12-14-2018-18-79339,MIDDLESEX-NEW BRUNSWICK CITY,4,Y,Y,N,7,11,7,1,4,2,1,3,1,5,1,25,56,N
12-14-2018-18-87753,MIDDLESEX-NEW BRUNSWICK CITY,4,N,N,N,1,13,7,1,4,2,1,1,1,4,1,25,,N
12-14-2018-18-69693,MIDDLESEX-NEW BRUNSWICK CITY,5,N,N,N,1,13,5,1,6,2,1,6,1,5,1,25,22,N
12-14-2018-18-25294,MIDDLESEX-NEW BRUNSWICK CITY,4,N,Y,N,2,1,2,1,4,2,1,6,1,2,1,45,56,N
12-14-2018-18-28168,MIDDLESEX-NEW BRUNSWICK CITY,4,N,Y,N,2,3,7,1,4,2,1,1,1,5,1,25,,N
12-15-2018-18076882,MIDDLESEX-NORTH BRUNSWICK TWP,5,N,N,N,2,3,5,1,4,2,1,1,1,4,1,45,26,N
12-15-2018-18017464,MIDDLESEX-NORTH BRUNSWICK TWP,4,N,N,N,2,4,2,1,4,2,1,1,1,5,1,45,26,N
12-15-2018-18060714,MIDDLESEX-NORTH BRUNSWICK TWP,5,Y,Y,N,2,3,2,1,4,2,1,6,1,1,,55,26,N
12-15-2018-18036512,MIDDLESEX-NORTH BRUNSWICK TWP,4,N,N,N,1,13,2,1,4,2,1,4,1,1,1,55,26,N
12-15-2018-18042094,MIDDLESEX-NORTH BRUNSWICK TWP,4,N,Y,N,4,99,7,1,4,2,1,6,1,2,1,25,26,N
12-15-2018-18022058,MIDDLESEX-NORTH BRUNSWICK TWP,5,N,Y,N,4,4,2,1,4,2,1,7,1,3,1,55,26,N
12-09-2018-18001459,MIDDLESEX-OLD BRIDGE TWP,4,N,N,N,4,11,5,3,4,2,1,7,1,5,1,50,52,N
12-09-2018-18050755,MIDDLESEX-OLD BRIDGE TWP,4,N,N,N,2,3,5,1,,2,1,1,1,5,1,40,26,N
12-09-2018-18057471,MIDDLESEX-OLD BRIDGE TWP,4,N,Y,N,2,6,2,1,4,2,1,4,1,3,1,55,28,N
12-09-2018-18022722,MIDDLESEX-OLD BRIDGE TWP,4,N,Y,N,4,11,5,1,5,2,1,7,1,5,1,50,60,N
12-09-2018-18017019,MIDDLESEX-OLD BRIDGE TWP,5,Y,N,N,2,3,2,1,4,2,1,1,1,3,1,55,26,N
12-16-2018-B130-2018-01978A,MIDDLESEX-PERTH AMBOY CITY,5,N,N,N,3,10,3,2,5,1,1,2,1,1,1,55,1,N
12-16-2018-18026133,MIDDLESEX-PERTH AMBOY CITY,4,N,Y,N,1,13,5,1,4,2,2,6,1,99,,25,22,N
12-16-2018-18038361,MIDDLESEX-PERTH AMBOY CITY,4,Y,N,N,2,13,2,1,4,2,1,1,1,4,1,35,22,N
12-16-2018-18005650,MIDDLESEX-PERTH AMBOY CITY,4,N,N,N,2,6,7,1,4,2,1,1,1,5,1,25,26,N
12-17-2018-18038091,MIDDLESEX-PISCATAWAY TWP,5,N,N,N,4,11,5,1,4,2,1,1,1,5,1,35,60,N
12-17-2018-18-02154,MIDDLESEX-PISCATAWAY TWP,4,N,N,N,1,13,5,1,4,2,2,6,5,2,1,40,22,Y
12-17-2018-18038090,MIDDLESEX-PISCATAWAY TWP,5,N,N,N,7,11,5,2,6,2,1,1,1,5,1,40,56,N
12-17-2018-18044537,MIDDLESEX-PISCATAWAY TWP,5,Y,N,N,7,11,5,1,4,2,2,7,2,5,1,40,56,N
12-17-2018-18036673,MIDDLESEX-PISCATAWAY TWP,5,N,Y,N,4,11,5,1,6,2,1,7,5,5,1,45,69,N
12-17-2018-B130-2018-01539A,MIDDLESEX-PISCATAWAY TWP,5,N,N,N,4,11,1,1,4,2,2,1,5,1,1,65,60,N
12-17-2018-18-04241,MIDDLESEX-PISCATAWAY TWP,5,N,Y,N,7,11,7,1,4,2,2,7,1,5,1,25,60,N
12-18-2018-18-03141,MIDDLESEX-PLAINSBORO TWP,4,N,Y,N,7,11,2,1,4,2,2,6,1,1,,55,69,N
12-18-2018-18-05682,MIDDLESEX-PLAINSBORO TWP,5,Y,N,N,2,7,5,1,4,2,1,5,1,3,,50,26,N
12-19-2018-18001967,MIDDLESEX-SAYREVILLE BORO,5,N,N,N,1,13,2,1,6,1,2,6,2,4,1,50,22,N
12-19-2018-18003540,MIDDLESEX-SAYREVILLE BORO,4,N,Y,N,7,11,5,3,4,2,1,6,1,5,1,45,56,N
12-19-2018-18018009,MIDDLESEX-SAYREVILLE BORO,4,N,Y,N,7,11,7,1,6,2,1,1,1,4,1,25,52,N
12-19-2018-18008606,MIDDLESEX-SAYREVILLE BORO,5,N,N,N,2,4,7,3,7,2,2,1,5,4,1,35,26,N
12-19-2018-18014580,MIDDLESEX-SAYREVILLE BORO,5,Y,N,N,1,13,5,1,4,2,1,1,5,99,,35,22,N
12-19-2018-18022274,MIDDLESEX-SAYREVILLE BORO,4,N,N,N,4,7,7,1,4,2,1,1,1,3,,45,26,N
12-19-2018-18018193,MIDDLESEX-SAYREVILLE BORO,4,N,Y,N,4,10,5,2,4,2,1,7,1,4,1,45,26,N
12-19-2018-18011750,MIDDLESEX-SAYREVILLE BORO,5,N,N,N,1,13,2,2,4,2,1,6,1,1,,50,22,N
12-19-2018-18004894,MIDDLESEX-SAYREVILLE BORO,4,Y,Y,N,7,3,5,1,4,2,1,1,1,5,,25,,N
12-20-2018-I-2018-000975,MIDDLESEX-SOUTH AMBOY CITY,5,N,N,N,2,6,7,1,5,2,1,1,1,4,1,25,28,N
12-21-2018-D010-2018-01058A,MIDDLESEX-SOUTH BRUNSWICK TWP,4,N,N,N,4,11,3,1,4,2,1,1,1,1,1,65,46,N
12-21-2018-I-2018-042960,MIDDLESEX-SOUTH BRUNSWICK TWP,4,N,N,N,4,11,7,1,4,2,1,1,1,5,1,40,60,N
12-21-2018-I-2018-025314,MIDDLESEX-SOUTH BRUNSWICK TWP,5,N,N,N,1,13,2,1,4,2,1,5,1,1,1,55,22,N
12-21-2018-I-2018-026707,MIDDLESEX-SOUTH BRUNSWICK TWP,5,Y,N,N,2,1,2,1,4,2,1,1,1,3,1,50,26,N
12-21-2018-I-2018-074551,MIDDLESEX-SOUTH BRUNSWICK TWP,4,N,N,N,8,15,7,1,4,2,1,1,1,3,1,25,19,N
12-22-2018-18-57897,MIDDLESEX-SOUTH PLAINFIELD BORO,4,Y,N,N,7,3,7,1,4,2,1,1,1,5,1,25,26,N
12-22-2018-B130-2018-01885A,MIDDLESEX-SOUTH PLAINFIELD BORO,4,N,N,N,2,1,1,2,5,2,2,6,2,5,1,65,26,N
12-22-2018-18-30715,MIDDLESEX-SOUTH PLAINFIELD BORO,5,N,Y,N,7,11,5,2,4,2,1,2,1,5,1,35,56,N
12-22-2018-18-55150,MIDDLESEX-SOUTH PLAINFIELD BORO,4,N,N,N,2,3,5,1,4,2,2,6,2,5,1,35,26,N
12-24-2018-I-S2018-08649,MIDDLESEX-SPOTSWOOD BORO,5,N,N,N,7,11,5,2,4,2,1,6,1,4,1,35,60,N
12-25-2018-E040-2018-02330A,MIDDLESEX-WOODBRIDGE TWP,5,N,N,N,2,1,3,1,4,2,1,7,1,1,1,55,26,N
12-25-2018-18078318,MIDDLESEX-WOODBRIDGE TWP,5,N,N,N,1,13,2,1,4,2,1,6,1,1,1,50,22,N
12-25-2018-E040-2018-05855A,MIDDLESEX-WOODBRIDGE TWP,4,N,N,N,7,11,3,1,4,2,1,5,1,1,1,55,46,N
12-25-2018-E050-2018-00316A,MIDDLESEX-WOODBRIDGE TWP,5,N,Y,N,2,4,3,3,4,2,1,6,1,1,1,55,26,N
12-25-2018-18070024,MIDDLESEX-WOODBRIDGE TWP,5,N,N,N,7,2,2,1,6,2,1,1,1,1,1,50,26,N
12-25-2018-D010-2018-00829A,MIDDLESEX-WOODBRIDGE TWP,5,N,N,N,7,4,3,1,4,2,1,1,1,1,1,65,26,N
12-25-2018-18115609,MIDDLESEX-WOODBRIDGE TWP,4,N,N,N,2,4,5,1,4,1,2,2,2,1,1,25,48,N
12-25-2018-E050-2018-02434A,MIDDLESEX-WOODBRIDGE TWP,5,N,N,N,1,3,3,1,4,2,2,6,2,1,1,55,28,N
12-25-2018-18041313,MIDDLESEX-WOODBRIDGE TWP,4,N,Y,N,1,13,5,1,4,2,1,6,1,5,1,25,22,N
12-25-2018-18103607,MIDDLESEX-WOODBRIDGE TWP,4,Y,N,N,2,3,7,1,4,2,1,6,1,5,1,25,26,N
12-25-2018-E040-2018-05298A,MIDDLESEX-WOODBRIDGE TWP,5,N,N,N,4,1,3,1,4,2,2,5,5,1,1,55,26,N
12-25-2018-E040-2018-03589A,MIDDLESEX-WOODBRIDGE TWP,4,N,Y,N,7,11,3,1,4,2,1,1,1,1,1,55,46,N
12-25-2018-E040-2018-01802A,MIDDLESEX-WOODBRIDGE TWP,5,N,N,N,7,11,3,3,4,2,2,1,2,2,1,55,56,N
12-25-2018-18095055,MIDDLESEX-WOODBRIDGE TWP,4,N,N,N,7,11,7,2,4,2,1,1,1,5,1,25,60,N
12-25-2018-E040-2018-05765A,MIDDLESEX-WOODBRIDGE TWP,4,N,N,N,4,11,3,1,4,2,2,5,2,1,1,55,60,N
12-25-2018-18083780,MIDDLESEX-WOODBRIDGE TWP,4,N,N,N,7,10,2,1,4,2,1,1,1,1,1,50,56,N
12-25-2018-18093963,MIDDLESEX-WOODBRIDGE TWP,4,N,N,N,1,13,7,1,4,2,1,7,1,5,1,25,22,N
12-25-2018-18036550,MIDDLESEX-WOODBRIDGE TWP,5,Y,N,N,7,4,2,1,7,2,1,1,1,1,1,50,26,N
12-25-2018-18034470,MIDDLESEX-WOODBRIDGE TWP,5,N,N,N,7,11,7,3,5,2,1,1,1,5,1,25,11,N
12-25-2018-E050-2018-02360A,MIDDLESEX-WOODBRIDGE TWP,4,N,N,N,7,11,3,3,5,2,1,1,1,1,1,45,56,N
12-25-2018-18108523,MIDDLESEX-WOODBRIDGE TWP,5,N,N,N,1,13,5,1,4,2,2,6,2,4,1,25,22,N
13-30-2018-I-2018-008705,MONMOUTH-ABERDEEN TWP,4,N,N,N,7,11,2,3,4,2,1,6,1,1,1,50,56,N
13-30-2018-I-2018-004614,MONMOUTH-ABERDEEN TWP,5,N,N,N,2,6,7,1,4,2,1,1,5,5,1,25,28,N
13-30-2018-I-2018-004624,MONMOUTH-ABERDEEN TWP,5,N,N,N,2,6,7,1,4,2,1,1,5,5,1,25,28,N
13-01-2018-18-35040,MONMOUTH-ALLENHURST BORO,4,Y,N,N,2,3,2,1,4,2,1,1,1,4,1,35,26,N
13-02-2018-18AT01199,MONMOUTH-ALLENTOWN BORO,4,Y,Y,N,7,11,5,1,4,2,1,6,1,4,1,35,46,N
13-03-2018-18AP30299,MONMOUTH-ASBURY PARK CITY,4,Y,N,N,2,3,7,1,4,2,2,1,2,5,,30,26,N
13-03-2018-18AP39951,MONMOUTH-ASBURY PARK CITY,4,N,Y,N,2,6,7,1,4,2,1,6,1,5,1,25,28,N
13-03-2018-18AP29379,MONMOUTH-ASBURY PARK CITY,4,Y,N,N,5,14,2,1,4,2,2,1,2,5,1,30,21,N
13-03-2018-18AP40099,MONMOUTH-ASBURY PARK CITY,5,Y,N,N,1,13,7,1,4,2,2,6,2,,,25,22,N
13-03-2018-18AP40260,MONMOUTH-ASBURY PARK CITY,5,Y,Y,N,1,13,5,1,4,2,1,6,1,5,1,25,22,N
13-05-2018-18AV05191,MONMOUTH-AVON-BY-THE-SEA BORO,4,N,N,N,7,11,2,1,4,2,2,1,2,2,1,30,,N
13-06-2018-18BEL-1459-AC,MONMOUTH-BELMAR BORO,4,Y,Y,N,1,13,5,1,4,2,2,6,1,5,1,30,22,N
13-08-2018-18BR08338,MONMOUTH-BRIELLE BORO,5,N,Y,N,1,13,2,1,4,2,2,6,1,5,1,30,22,N
13-09-2018-18CN05872,MONMOUTH-COLTS NECK TWP,5,N,Y,N,7,11,2,3,5,2,1,5,1,1,1,65,56,N
13-09-2018-18CN09047,MONMOUTH-COLTS NECK TWP,5,N,N,N,4,10,2,3,4,2,1,3,5,1,1,65,1,N
13-11-2018-I-2018-005683,MONMOUTH-EATONTOWN BORO,4,N,N,N,2,1,2,1,4,2,1,1,1,5,1,30,26,N
13-11-2018-I-2018-008068,MONMOUTH-EATONTOWN BORO,5,N,N,N,4,11,2,1,4,2,1,1,1,1,1,55,60,N
13-13-2018-18FH07157,MONMOUTH-FAIR HAVEN BORO,4,N,N,N,5,14,7,1,4,2,1,1,1,4,0,25,26,N
13-15-2018-18FB02542,MONMOUTH-FREEHOLD BORO,4,N,N,N,7,11,7,1,4,2,1,1,1,,,25,,N
13-16-2018-18FT24885,MONMOUTH-FREEHOLD TWP,4,Y,N,N,2,3,5,1,4,2,6,1,2,5,1,45,26,N
13-16-2018-18FT25871,MONMOUTH-FREEHOLD TWP,4,N,N,N,5,14,5,1,4,2,2,1,5,5,1,40,21,N
13-16-2018-18FT23437,MONMOUTH-FREEHOLD TWP,4,N,N,N,7,11,2,1,4,2,1,1,5,1,1,50,69,N
13-16-2018-18FT25771,MONMOUTH-FREEHOLD TWP,4,N,N,N,2,1,5,1,4,2,2,1,2,5,1,50,26,N
13-16-2018-18FT10205,MONMOUTH-FREEHOLD TWP,5,N,N,N,4,11,7,1,4,2,1,1,1,5,1,35,19,N
13-16-2018-18FT18807,MONMOUTH-FREEHOLD TWP,4,N,N,N,4,11,5,1,4,2,1,1,1,3,1,45,50,N
13-16-2018-18FT33559,MONMOUTH-FREEHOLD TWP,5,N,N,N,1,13,7,1,4,2,1,1,1,5,1,25,26,N
13-16-2018-18FT34196,MONMOUTH-FREEHOLD TWP,5,N,N,N,1,13,5,1,4,2,1,7,1,5,1,40,22,N
13-16-2018-18FT19013,MONMOUTH-FREEHOLD TWP,5,N,N,N,4,4,5,3,4,2,2,1,2,5,1,50,26,N
13-39-2018-18-321-AC,MONMOUTH-HAZLET TWP,4,N,Y,N,4,11,7,1,4,2,1,1,1,5,1,25,,N
13-39-2018-18-543-AC,MONMOUTH-HAZLET TWP,4,N,Y,N,7,3,7,1,4,2,1,1,1,5,1,35,26,N
13-39-2018-18-291-AC,MONMOUTH-HAZLET TWP,5,Y,N,N,1,13,2,1,4,2,1,6,1,1,1,50,22,N
13-17-2018-I-2018-007449,MONMOUTH-HIGHLANDS BORO,4,N,Y,N,4,11,2,1,4,2,1,1,1,2,1,45,,N
13-18-2018-18-10467-AC,MONMOUTH-HOLMDEL TWP,5,N,N,N,4,11,5,1,4,2,1,1,1,5,1,40,26,N
13-18-2018-18-23577-AC,MONMOUTH-HOLMDEL TWP,4,N,N,N,2,1,7,1,4,2,1,7,1,5,,40,26,N
13-18-2018-E050-2018-02895A,MONMOUTH-HOLMDEL TWP,4,N,N,N,2,2,3,1,4,2,1,1,1,1,1,65,26,N
13-19-2018-18-49376-AC,MONMOUTH-HOWELL TWP,4,N,N,N,4,11,7,2,4,2,2,1,2,5,1,45,60,N
13-19-2018-18-46321-AC,MONMOUTH-HOWELL TWP,4,N,N,N,4,4,5,3,4,2,1,1,1,5,1,45,26,N
13-19-2018-18-13821-AC,MONMOUTH-HOWELL TWP,4,Y,N,N,2,3,5,1,4,2,1,1,1,5,1,45,26,N
13-19-2018-18-23380-AC,MONMOUTH-HOWELL TWP,5,N,N,N,5,14,7,3,5,2,1,1,1,5,1,35,21,N
13-19-2018-18-22908-AC,MONMOUTH-HOWELL TWP,4,N,N,N,4,11,7,2,4,2,1,1,1,5,1,45,60,N
13-19-2018-18-8607-AC,MONMOUTH-HOWELL TWP,4,N,N,N,1,13,2,1,4,2,1,6,1,1,,55,22,N
13-19-2018-C060-2018-01066A,MONMOUTH-HOWELL TWP,5,N,N,N,4,11,1,1,4,2,1,1,1,1,1,65,46,N
13-19-2018-18-9923-AC,MONMOUTH-HOWELL TWP,4,Y,N,N,2,1,2,1,4,2,1,1,1,1,1,55,26,N
13-19-2018-18-60018-AC,MONMOUTH-HOWELL TWP,4,Y,N,N,4,4,7,2,7,2,3,1,3,5,1,35,26,N
13-19-2018-18-58802-AC,MONMOUTH-HOWELL TWP,5,N,N,N,7,11,2,1,6,1,1,5,1,5,1,55,46,N
13-21-2018-2018001120,MONMOUTH-KEANSBURG BORO,4,Y,N,N,2,3,7,1,4,2,1,1,1,5,1,25,26,N
13-22-2018-18-6937,MONMOUTH-KEYPORT BORO,4,N,N,N,7,11,7,2,4,2,1,6,1,5,1,15,1,N
13-22-2018-18-9185,MONMOUTH-KEYPORT BORO,4,N,N,N,7,2,2,1,4,2,1,1,1,3,1,50,26,N
13-25-2018-18LB07321,MONMOUTH-LONG BRANCH CITY,4,N,N,N,1,13,7,1,4,2,1,6,1,5,,25,22,N
13-25-2018-18LB07965,MONMOUTH-LONG BRANCH CITY,5,N,N,N,2,1,5,1,4,2,2,1,2,2,,40,26,N
13-26-2018-18MN30270,MONMOUTH-MANALAPAN TWP,5,N,N,N,1,13,2,1,4,2,1,5,1,2,1,55,,N
13-26-2018-18MN00454,MONMOUTH-MANALAPAN TWP,4,N,Y,N,4,11,5,1,4,2,3,1,1,4,1,35,69,N
13-26-2018-18MN11285,MONMOUTH-MANALAPAN TWP,4,N,Y,N,4,10,5,1,4,2,1,1,1,5,1,35,,N
13-26-2018-18MN12862,MONMOUTH-MANALAPAN TWP,4,N,N,N,4,10,2,1,4,2,1,1,1,3,1,55,1,N
13-27-2018-18-13025-AC,MONMOUTH-MANASQUAN BORO,5,Y,N,N,1,13,5,1,4,2,1,1,1,5,1,30,22,N
13-27-2018-18-16143-AC,MONMOUTH-MANASQUAN BORO,4,N,N,N,1,13,7,1,4,2,2,6,2,5,1,25,26,N
13-28-2018-18-026185,MONMOUTH-MARLBORO TWP,4,N,N,N,4,11,2,1,4,2,2,6,5,1,1,65,60,N
13-28-2018-18-035051,MONMOUTH-MARLBORO TWP,5,Y,N,N,1,13,7,1,4,2,1,6,1,5,1,45,22,N
13-28-2018-18-022972,MONMOUTH-MARLBORO TWP,5,N,Y,N,1,13,2,1,4,2,1,6,1,2,3,50,22,N
13-29-2018-18MW04426,MONMOUTH-MATAWAN BORO,4,N,N,N,2,3,2,1,4,2,1,1,1,5,1,40,26,N
13-31-2018-E050-2018-00157A,MONMOUTH-MIDDLETOWN TWP,5,N,N,N,4,11,3,1,4,2,1,3,1,3,1,65,58,N
13-31-2018-18MT17746,MONMOUTH-MIDDLETOWN TWP,4,N,N,N,2,1,7,1,4,2,1,1,1,5,1,35,26,N
13-31-2018-18MT18573,MONMOUTH-MIDDLETOWN TWP,5,Y,N,N,7,11,2,1,4,2,2,1,2,1,1,50,56,N
13-31-2018-18MT34960,MONMOUTH-MIDDLETOWN TWP,4,N,N,N,7,11,2,2,5,2,1,6,1,1,1,50,56,N
13-31-2018-E050-2018-00163A,MONMOUTH-MIDDLETOWN TWP,5,N,N,N,4,11,3,1,4,2,4,1,1,1,1,65,58,N
13-31-2018-18MT22787,MONMOUTH-MIDDLETOWN TWP,5,N,Y,N,4,4,2,3,5,2,1,6,1,2,1,45,26,N
13-31-2018-18MT44990,MONMOUTH-MIDDLETOWN TWP,5,N,N,N,2,1,5,2,7,2,1,1,1,5,1,40,26,N
13-31-2018-18MT40988,MONMOUTH-MIDDLETOWN TWP,4,Y,Y,N,1,13,5,1,4,2,1,7,1,5,1,40,22,N
13-31-2018-18MT07101,MONMOUTH-MIDDLETOWN TWP,4,N,N,N,4,11,5,1,4,99,2,6,2,5,1,40,59,N
13-32-2018-C060-2018-00903A,MONMOUTH-MILLSTONE TWP,5,N,N,N,7,11,9,0,5,5,9,5,1,99,1,,60,N
13-32-2018-C060-2018-01706A,MONMOUTH-MILLSTONE TWP,4,N,N,N,4,11,5,2,4,2,2,1,5,5,1,50,60,N
13-35-2018-18NC06800,MONMOUTH-NEPTUNE CITY BORO,4,N,N,N,3,10,5,1,4,2,1,1,1,5,1,40,99,N
13-35-2018-18NC05007,MONMOUTH-NEPTUNE CITY BORO,4,N,Y,N,7,11,2,3,6,2,1,1,1,1,1,35,56,N
13-35-2018-18NC01297,MONMOUTH-NEPTUNE CITY BORO,5,N,N,N,1,13,2,1,6,2,1,1,5,5,1,40,22,N