crashid,location,severity_rating5,intersection,alcohol_involved,hazmat_involved,hs_collision_type,crash_type,road_sys_code,road_horiz_align_code,road_grade_code,road_surf_code,surf_cond_code,light_cond_code,environ_cond_code,road_median_code,temp_traffic_zone,posted_speed,first_harmful_event,flg_cell_in_use
13-34-2018-18NT11099,MONMOUTH-NEPTUNE TWP,5,N,N,N,7,11,2,3,6,2,2,1,2,2,1,65,56,N
13-34-2018-18NT30676,MONMOUTH-NEPTUNE TWP,5,N,N,N,1,13,2,3,4,2,1,6,1,5,1,35,22,N
13-37-2018-18OT02649,MONMOUTH-OCEAN TWP,5,N,N,N,4,11,7,3,4,2,1,6,1,5,1,35,54,N
13-38-2018-18OP06173,MONMOUTH-OCEANPORT BORO,5,Y,N,N,7,3,5,1,4,2,1,1,1,5,1,40,26,N
13-36-2018-18TF08923,MONMOUTH-TINTON FALLS BORO,5,N,N,N,7,11,5,1,4,2,1,1,1,4,1,50,56,N
13-36-2018-E050-2018-00771A,MONMOUTH-TINTON FALLS BORO,5,N,N,N,4,1,3,1,4,2,1,5,1,1,1,65,26,N
13-36-2018-18TF12856,MONMOUTH-TINTON FALLS BORO,4,N,N,N,4,2,5,1,4,2,1,1,1,4,,50,26,N
13-36-2018-E050-2018-00990A,MONMOUTH-TINTON FALLS BORO,4,N,N,N,4,11,3,1,4,2,2,1,2,3,1,65,2,N
13-36-2018-E050-2018-00489A,MONMOUTH-TINTON FALLS BORO,4,N,Y,N,7,11,3,1,4,2,1,5,1,1,1,65,46,N
13-51-2018-C060-2018-00040A,MONMOUTH-UPPER FREEHOLD TWP,4,N,Y,N,4,99,5,1,4,2,4,4,1,4,1,35,58,N
13-51-2018-C060-2018-00144A,MONMOUTH-UPPER FREEHOLD TWP,5,N,N,N,4,11,1,1,4,2,2,1,1,3,1,65,58,N
13-51-2018-C060-2018-00127A,MONMOUTH-UPPER FREEHOLD TWP,4,N,N,N,4,10,7,1,4,2,2,3,2,5,1,45,1,N
13-52-2018-C060-2018-01068A,MONMOUTH-WALL TWP,5,N,Y,N,2,3,5,1,4,2,1,1,1,5,1,35,26,N
13-52-2018-E050-2018-02356A,MONMOUTH-WALL TWP,4,N,N,N,7,11,3,1,4,2,1,5,1,1,1,65,46,Y
14-01-2018-18-02284,MORRIS-BOONTON TOWN,4,Y,N,N,1,13,5,1,5,2,2,1,5,5,1,25,22,N
14-02-2018-2018-33672,MORRIS-BOONTON TWP,4,N,N,N,7,11,6,,4,3,9,3,2,5,1,15,58,N
14-03-2018-2018-14860,MORRIS-BUTLER BORO,5,Y,Y,N,1,13,2,1,4,2,1,7,1,1,1,50,22,N
14-03-2018-2018-04618,MORRIS-BUTLER BORO,4,N,Y,N,4,11,7,1,5,2,1,6,1,5,,25,,N
14-03-2018-2018-02757,MORRIS-BUTLER BORO,5,N,N,N,7,8,2,1,6,2,1,1,1,1,1,50,26,N
14-07-2018-2018-35747,MORRIS-CHESTER TWP,5,Y,N,N,4,3,2,2,5,2,1,1,1,5,1,50,26,N
14-08-2018-2018-18790,MORRIS-DENVILLE TWP,5,N,N,N,4,11,2,2,6,2,2,7,2,5,1,40,52,N
14-08-2018-2018-12343,MORRIS-DENVILLE TWP,4,N,N,N,2,3,2,1,4,2,9,1,5,5,1,40,1,N
14-08-2018-2018-19033,MORRIS-DENVILLE TWP,4,N,N,N,2,1,2,1,4,2,1,1,1,5,1,35,26,N
14-09-2018-2018-18691,MORRIS-DOVER TOWN,4,Y,N,N,2,3,5,1,4,2,1,1,1,5,1,25,26,N
14-09-2018-2018-09080,MORRIS-DOVER TOWN,4,Y,N,N,2,13,5,,4,2,1,1,1,5,,25,22,N
14-10-2018-B060-2018-01702A,MORRIS-EAST HANOVER TWP,4,N,N,N,4,11,1,1,4,2,1,1,1,1,1,65,60,N
14-10-2018-2018-02133,MORRIS-EAST HANOVER TWP,5,N,N,N,4,11,2,3,4,2,1,1,1,1,1,45,60,N
14-10-2018-B060-2018-02895A,MORRIS-EAST HANOVER TWP,5,N,Y,N,8,15,1,1,4,2,1,2,1,1,1,55,39,N
14-12-2018-18-36968,MORRIS-HANOVER TWP,4,N,N,N,2,1,5,1,4,2,2,1,5,1,1,50,26,N
14-13-2018-2018-09218,MORRIS-HARDING TWP,5,Y,N,N,5,14,5,1,5,2,1,1,1,5,1,35,26,N
14-13-2018-2018-00078,MORRIS-HARDING TWP,5,N,N,N,4,11,5,1,6,2,1,1,1,2,1,40,59,N
14-14-2018-18-23754,MORRIS-JEFFERSON TWP,5,N,N,N,1,13,2,1,6,2,1,1,1,5,1,55,22,N
14-14-2018-18-00713,MORRIS-JEFFERSON TWP,5,N,N,N,7,11,4,0,4,99,4,5,1,5,1,,69,N
14-14-2018-18-39760,MORRIS-JEFFERSON TWP,4,N,N,N,2,2,2,1,4,2,1,7,1,3,1,40,26,N
14-14-2018-18-16710,MORRIS-JEFFERSON TWP,4,N,Y,N,4,10,2,3,6,2,1,5,5,5,,55,,N
14-14-2018-18-24947,MORRIS-JEFFERSON TWP,4,N,N,N,4,11,5,1,4,2,1,3,5,5,1,45,,N
14-15-2018-B080-2018-01227A,MORRIS-KINNELON BORO,4,N,N,N,4,1,1,1,4,1,1,1,1,1,1,65,26,Y
14-16-2018-18-09865,MORRIS-LINCOLN PARK BORO,4,Y,N,N,3,10,5,1,4,2,1,4,1,5,1,45,1,N
14-16-2018-18-06454,MORRIS-LINCOLN PARK BORO,4,N,N,N,2,4,5,1,6,2,1,1,1,5,1,40,26,N
14-19-2018-2018-09432,MORRIS-MENDHAM TWP,4,N,N,N,5,14,5,1,5,2,1,1,1,5,1,40,26,N
14-21-2018-2018009015,MORRIS-MONTVILLE TWP,4,N,N,N,5,14,7,3,5,2,1,1,1,5,1,35,21,N
14-22-2018-B080-2018-01645A,MORRIS-MORRIS TWP,4,N,N,N,4,2,1,1,4,2,1,1,1,1,1,55,26,N
14-22-2018-2018-13323,MORRIS-MORRIS TWP,5,N,N,N,2,6,5,1,4,2,1,1,1,5,1,35,26,N
14-24-2018-2018-23676,MORRIS-MORRISTOWN TOWN,5,N,N,N,7,2,2,2,5,2,1,6,1,2,1,25,39,N
14-24-2018-B080-2018-00101A,MORRIS-MORRISTOWN TOWN,4,N,Y,N,7,11,1,1,4,2,1,1,1,1,1,55,48,N
14-24-2018-2018-20784,MORRIS-MORRISTOWN TOWN,5,N,N,N,4,99,7,1,4,2,2,1,2,5,1,25,12,N
14-24-2018-2018-21555,MORRIS-MORRISTOWN TOWN,4,Y,N,N,1,13,2,1,4,2,1,1,1,5,1,40,22,N
14-24-2018-2018-21804,MORRIS-MORRISTOWN TOWN,5,N,Y,N,1,13,7,2,5,2,1,6,1,5,1,25,22,N
14-24-2018-B080-2018-02788A,MORRIS-MORRISTOWN TOWN,4,N,N,N,4,11,1,1,4,2,2,6,2,1,1,55,46,N
14-27-2018-B080-2018-00166A,MORRIS-MOUNT OLIVE TWP,5,N,Y,N,4,11,1,3,4,2,1,1,1,1,1,65,30,N
14-27-2018-B080-2018-01135A,MORRIS-MOUNT OLIVE TWP,5,N,N,N,4,3,1,1,4,2,2,1,2,1,1,65,26,N
14-27-2018-B080-2018-01291A,MORRIS-MOUNT OLIVE TWP,5,N,N,N,6,12,1,3,6,2,2,5,4,1,1,65,24,N
14-27-2018-I-2018-065057,MORRIS-MOUNT OLIVE TWP,5,N,N,N,2,1,2,1,6,2,2,1,2,5,1,50,26,N
14-27-2018-B080-2018-03115A,MORRIS-MOUNT OLIVE TWP,4,N,Y,N,4,11,1,1,4,2,1,5,1,1,1,65,60,N
14-28-2018-B080-2018-01890A,MORRIS-NETCONG BORO,5,N,N,N,4,11,1,3,5,2,1,6,1,1,1,65,60,N
14-29-2018-B060-2018-03859A,MORRIS-PARSIPPANY-TROY HILLS,5,N,N,N,2,1,1,1,4,2,1,5,1,1,3,65,26,N
14-29-2018-B080-2018-00828A,MORRIS-PARSIPPANY-TROY HILLS,4,N,Y,N,2,1,1,3,6,2,1,5,1,1,1,65,26,N
14-29-2018-2018029201,MORRIS-PARSIPPANY-TROY HILLS,4,N,N,N,2,1,7,1,4,2,1,1,1,5,1,30,26,N
14-29-2018-2018005911,MORRIS-PARSIPPANY-TROY HILLS,5,N,N,N,4,11,5,1,5,2,1,1,1,2,1,40,,N
14-29-2018-B060-2018-00949A,MORRIS-PARSIPPANY-TROY HILLS,4,N,N,N,3,10,1,1,4,2,4,6,1,1,1,65,1,N
14-29-2018-B080-2018-01252A,MORRIS-PARSIPPANY-TROY HILLS,5,N,Y,N,4,11,1,1,4,2,2,6,5,1,1,65,48,N
14-29-2018-2018017269,MORRIS-PARSIPPANY-TROY HILLS,4,Y,N,N,2,3,7,1,4,2,1,1,1,5,1,35,26,N
14-29-2018-2018020630,MORRIS-PARSIPPANY-TROY HILLS,4,N,N,N,2,2,5,1,4,2,1,1,1,4,1,45,26,N
14-29-2018-2018018523,MORRIS-PARSIPPANY-TROY HILLS,4,N,Y,N,7,4,7,1,4,2,1,1,1,4,1,35,26,N
14-29-2018-2018008101,MORRIS-PARSIPPANY-TROY HILLS,4,N,N,N,4,15,2,2,5,2,1,1,1,3,1,50,,N
14-29-2018-B080-2018-00081A,MORRIS-PARSIPPANY-TROY HILLS,4,N,Y,N,4,11,1,3,6,2,1,1,1,1,1,65,46,N
14-30-2018-2018-05648,MORRIS-PASSAIC TWP,4,N,N,N,5,14,5,1,6,2,1,1,1,5,1,40,21,N
14-31-2018-2018-02821,MORRIS-PEQUANNOCK TWP,5,N,N,N,1,13,7,1,4,2,4,1,1,5,1,25,22,N
14-31-2018-2018-02636,MORRIS-PEQUANNOCK TWP,5,Y,N,N,7,11,2,3,4,2,1,6,1,1,1,50,48,N
14-32-2018-2018-23884,MORRIS-RANDOLPH TWP,5,N,N,N,4,1,2,1,6,2,1,1,1,2,,50,26,N
14-32-2018-2018-28872,MORRIS-RANDOLPH TWP,5,N,N,N,1,13,2,1,4,2,1,5,1,3,,50,22,N
14-33-2018-18-0099,MORRIS-RIVERDALE BORO,5,Y,N,N,3,10,5,1,4,2,1,7,1,5,0,25,,N
14-35-2018-I-2018-003448,MORRIS-ROCKAWAY TWP,5,N,N,N,4,11,2,1,4,2,1,5,1,3,1,50,58,N
14-35-2018-I-2018-012639,MORRIS-ROCKAWAY TWP,4,N,Y,N,4,4,5,1,6,2,2,6,2,5,1,35,26,N
14-35-2018-B080-2018-02651A,MORRIS-ROCKAWAY TWP,5,N,N,N,2,6,1,1,4,2,1,1,1,1,1,65,28,N
14-35-2018-I-2018-016584,MORRIS-ROCKAWAY TWP,4,N,N,N,7,11,7,3,4,2,1,1,1,5,1,25,69,N
14-36-2018-2018-14755,MORRIS-ROXBURY TWP,4,N,N,N,2,4,5,1,4,2,1,1,1,5,1,35,26,N
14-36-2018-2018-04776,MORRIS-ROXBURY TWP,4,Y,N,N,2,3,2,1,5,2,1,1,1,5,1,50,26,N
14-38-2018-2018-00053,MORRIS-WASHINGTON TWP,4,N,Y,N,4,4,7,3,4,2,1,1,1,5,1,40,26,N
14-38-2018-2018-35051,MORRIS-WASHINGTON TWP,4,Y,N,N,4,10,7,3,4,2,1,1,1,5,1,35,1,N
14-38-2018-2018-29341,MORRIS-WASHINGTON TWP,5,N,N,N,4,4,5,2,5,2,2,1,2,5,1,40,,N
14-39-2018-B080-2018-02437A,MORRIS-WHARTON BORO,5,N,Y,N,4,11,1,3,5,2,1,1,1,1,1,65,56,N
14-39-2018-2018-02059,MORRIS-WHARTON BORO,4,N,Y,N,4,11,7,1,4,2,1,6,5,5,1,25,56,N
15-33-2018-18BN09246,OCEAN-BARNEGAT TWP,4,N,N,N,6,12,5,1,4,2,1,5,1,5,1,50,24,N
15-04-2018-E030-2018-00622A,OCEAN-BEACHWOOD BORO,4,N,N,N,2,2,3,1,4,2,1,1,1,1,1,65,26,N
15-05-2018-18000179,OCEAN-BERKELEY TWP,5,N,N,N,5,14,7,2,4,2,1,1,1,4,1,40,21,N
15-05-2018-18002356,OCEAN-BERKELEY TWP,4,N,N,N,4,11,5,1,4,2,1,1,1,4,1,45,,N
15-05-2018-18002589,OCEAN-BERKELEY TWP,5,N,N,N,2,6,7,,4,2,1,1,1,5,1,25,28,N
15-05-2018-18003253,OCEAN-BERKELEY TWP,5,N,N,N,7,11,9,1,4,2,1,6,1,4,1,15,56,N
15-05-2018-18001965,OCEAN-BERKELEY TWP,5,N,N,N,7,11,7,1,4,2,1,1,1,5,1,35,69,N
15-05-2018-E030-2018-00378A,OCEAN-BERKELEY TWP,5,N,Y,N,7,11,3,1,4,2,1,1,1,1,1,65,46,N
15-06-2018-2018-00019342,OCEAN-BRICK TWP,4,N,N,N,4,11,5,1,4,2,1,1,1,1,1,40,,N
15-06-2018-2018-00051915,OCEAN-BRICK TWP,5,N,N,N,4,11,2,2,4,2,1,1,1,4,1,45,46,N
15-06-2018-E050-2018-01036A,OCEAN-BRICK TWP,4,N,N,N,2,1,3,1,4,2,1,1,1,1,1,65,26,N
15-06-2018-2018-00030128,OCEAN-BRICK TWP,4,N,Y,N,4,11,5,2,5,2,1,1,1,5,1,40,62,N
15-06-2018-2018-00026482,OCEAN-BRICK TWP,4,N,N,N,7,3,5,1,4,2,1,1,1,5,1,45,26,N
15-06-2018-2018-00022852,OCEAN-BRICK TWP,5,N,N,N,1,13,5,1,4,2,1,7,1,4,1,40,22,N
15-06-2018-2018-00026479,OCEAN-BRICK TWP,4,N,N,N,4,7,2,1,4,2,1,2,1,1,1,40,26,N
15-06-2018-2018-00013122,OCEAN-BRICK TWP,4,Y,N,N,7,11,2,1,4,2,2,1,2,1,1,50,41,N
15-06-2018-2018-00063744,OCEAN-BRICK TWP,4,N,Y,N,4,11,2,1,4,2,1,5,1,5,1,35,52,N
15-06-2018-2018-00068528,OCEAN-BRICK TWP,4,Y,N,N,2,3,5,3,4,2,1,1,1,5,1,40,26,N
15-06-2018-2018-00005965,OCEAN-BRICK TWP,4,N,N,N,2,3,5,2,4,2,4,2,1,2,1,45,26,N
15-06-2018-2018-00037806,OCEAN-BRICK TWP,5,N,N,N,2,3,5,1,4,2,1,1,1,2,1,50,26,N
15-06-2018-2018-00025020,OCEAN-BRICK TWP,4,N,N,N,4,11,5,1,4,2,2,7,4,5,1,40,60,N
15-06-2018-2018-00065963,OCEAN-BRICK TWP,4,N,N,N,2,3,5,1,4,2,1,1,1,2,1,50,26,N
15-06-2018-2018-00065708,OCEAN-BRICK TWP,4,Y,N,N,3,10,2,1,6,2,1,6,1,5,1,35,1,N
15-11-2018-18-49495,OCEAN-JACKSON TWP,5,N,N,N,4,4,5,1,4,2,1,1,1,5,1,45,26,N
15-11-2018-18-102586,OCEAN-JACKSON TWP,4,N,N,N,2,1,5,1,4,2,1,1,1,5,1,40,26,N
15-11-2018-C060-2018-00209A,OCEAN-JACKSON TWP,5,N,N,N,4,11,1,3,4,2,2,6,2,1,1,65,58,N
15-11-2018-18-103805,OCEAN-JACKSON TWP,4,Y,N,N,2,3,5,1,4,2,1,7,1,2,1,40,26,N
15-11-2018-18-24582,OCEAN-JACKSON TWP,5,Y,N,N,4,3,5,1,4,2,1,1,1,5,1,50,26,N
15-11-2018-18-59938,OCEAN-JACKSON TWP,4,N,N,N,4,4,5,1,4,2,1,1,1,4,1,45,26,N
15-11-2018-18-51429,OCEAN-JACKSON TWP,5,Y,Y,N,2,3,5,3,5,2,1,7,1,5,1,45,26,N
15-11-2018-18-05650,OCEAN-JACKSON TWP,4,N,N,N,4,11,5,1,4,2,1,5,1,5,1,50,52,N
15-11-2018-18-101686,OCEAN-JACKSON TWP,4,N,N,N,4,11,5,3,4,2,2,6,2,5,1,45,,N
15-11-2018-18-07597,OCEAN-JACKSON TWP,4,N,N,N,7,11,5,1,4,2,1,1,5,5,1,50,56,N
15-11-2018-18-18822,OCEAN-JACKSON TWP,4,N,N,N,7,11,7,1,4,2,2,1,1,5,1,35,56,N
15-11-2018-18-28421,OCEAN-JACKSON TWP,4,N,N,N,4,11,5,2,4,2,1,1,5,5,1,50,,N
15-11-2018-18-103192,OCEAN-JACKSON TWP,4,N,N,N,2,1,5,1,4,2,2,6,2,5,1,50,26,N
15-11-2018-18-32433,OCEAN-JACKSON TWP,4,N,N,N,1,13,5,1,4,3,1,1,1,5,1,50,26,N
15-12-2018-18-038376,OCEAN-LACEY TWP,4,N,N,N,5,14,2,1,4,2,2,6,2,4,1,45,21,N
15-12-2018-18-029476,OCEAN-LACEY TWP,5,N,Y,N,4,4,5,1,4,2,1,1,1,5,1,50,,N
15-12-2018-18-002718,OCEAN-LACEY TWP,4,N,N,N,4,99,2,1,4,2,1,1,1,4,1,45,11,N
15-12-2018-18-036319,OCEAN-LACEY TWP,5,Y,N,N,1,13,7,1,4,2,1,6,1,5,1,40,22,N
15-12-2018-18-028273,OCEAN-LACEY TWP,5,N,N,N,4,11,9,1,4,5,9,1,1,5,1,,60,N
15-12-2018-18-000480,OCEAN-LACEY TWP,4,N,N,N,2,5,2,1,4,2,2,1,1,2,1,35,26,N
15-12-2018-E030-2018-00092A,OCEAN-LACEY TWP,4,N,N,N,4,11,3,1,4,2,4,1,1,1,1,65,60,N
15-13-2018-2018-06768,OCEAN-LAKEHURST BORO,5,N,N,N,1,13,2,1,4,2,1,6,1,5,1,45,22,N
15-13-2018-2018-00076,OCEAN-LAKEHURST BORO,5,N,N,N,1,13,2,1,4,2,1,5,1,5,1,45,22,N
15-14-2018-18-021449,OCEAN-LAKEWOOD TWP,4,Y,N,N,7,7,5,1,4,2,1,1,5,5,1,50,26,N
15-14-2018-18-078061,OCEAN-LAKEWOOD TWP,4,Y,N,N,4,11,2,1,4,2,1,1,1,1,1,50,48,N
15-14-2018-18-071166,OCEAN-LAKEWOOD TWP,4,N,N,N,2,1,2,1,4,2,1,1,5,1,1,50,,N
15-14-2018-18-005327,OCEAN-LAKEWOOD TWP,4,Y,N,N,1,13,5,1,4,2,1,1,1,5,1,45,26,N
15-14-2018-18-041853,OCEAN-LAKEWOOD TWP,4,N,N,N,1,13,7,1,4,2,1,7,1,5,,35,22,N
15-14-2018-18-045369,OCEAN-LAKEWOOD TWP,5,N,Y,N,7,11,8,1,4,2,1,7,1,5,0,15,69,N
15-14-2018-18-036582,OCEAN-LAKEWOOD TWP,4,Y,N,N,2,7,5,1,4,2,1,1,1,5,1,45,26,N
15-14-2018-18-002491,OCEAN-LAKEWOOD TWP,5,N,Y,N,1,13,2,1,4,2,1,5,1,1,1,50,22,N
15-14-2018-18-042469,OCEAN-LAKEWOOD TWP,4,Y,N,N,2,7,5,1,4,2,1,6,1,4,,40,26,N
15-14-2018-18-003252,OCEAN-LAKEWOOD TWP,5,N,N,N,1,13,2,1,4,2,1,7,1,5,1,35,22,N
15-14-2018-18-076900,OCEAN-LAKEWOOD TWP,4,N,N,N,2,1,5,1,4,2,2,1,2,2,1,55,26,N
15-14-2018-18-008870,OCEAN-LAKEWOOD TWP,4,N,N,N,1,13,7,1,4,2,1,7,1,5,1,25,22,N
15-14-2018-18-027260,OCEAN-LAKEWOOD TWP,4,N,N,N,2,4,2,1,4,2,1,7,5,5,1,35,,N
15-14-2018-18-061416,OCEAN-LAKEWOOD TWP,4,Y,N,N,7,3,5,1,4,2,2,1,5,5,1,50,26,N
15-14-2018-18-031549,OCEAN-LAKEWOOD TWP,4,Y,N,N,3,3,7,1,4,2,1,1,1,5,1,40,26,N
15-14-2018-18-069250,OCEAN-LAKEWOOD TWP,4,Y,Y,N,2,3,2,1,4,2,1,1,1,1,1,50,26,N
15-14-2018-E050-2018-01591A,OCEAN-LAKEWOOD TWP,5,N,Y,N,4,11,3,1,4,2,1,1,1,1,1,65,60,N
15-14-2018-18-066036,OCEAN-LAKEWOOD TWP,4,Y,N,N,2,3,5,1,4,2,1,1,1,5,1,45,26,N
15-14-2018-34295-18,OCEAN-LAKEWOOD TWP,5,N,Y,N,4,11,5,1,4,2,1,7,1,5,1,45,60,N
15-14-2018-18-071790,OCEAN-LAKEWOOD TWP,5,Y,N,N,2,2,5,1,4,2,2,1,1,4,1,45,26,N
15-14-2018-18-046872,OCEAN-LAKEWOOD TWP,4,Y,N,N,2,3,7,3,4,2,1,1,1,5,1,35,26,N
15-14-2018-18-030805,OCEAN-LAKEWOOD TWP,4,N,N,N,2,1,5,1,4,2,2,1,5,5,1,40,26,N
15-14-2018-18-001924,OCEAN-LAKEWOOD TWP,4,N,N,N,2,8,5,1,4,2,1,3,1,5,1,40,26,N
15-14-2018-18-069403,OCEAN-LAKEWOOD TWP,4,N,Y,N,2,4,2,1,4,2,1,1,1,,,45,26,N
15-14-2018-18-068368,OCEAN-LAKEWOOD TWP,4,Y,N,N,2,2,5,3,4,2,1,1,1,5,1,50,26,N
15-14-2018-18-074602,OCEAN-LAKEWOOD TWP,5,N,N,N,1,13,2,1,5,2,1,7,1,5,1,35,22,N
15-14-2018-18-000234,OCEAN-LAKEWOOD TWP,4,N,N,N,2,3,5,1,4,2,1,1,1,5,1,50,26,N
15-14-2018-18-021895,OCEAN-LAKEWOOD TWP,4,N,N,N,2,1,2,1,4,2,1,1,1,1,1,50,26,Y
15-14-2018-18-075372,OCEAN-LAKEWOOD TWP,4,Y,N,N,2,1,5,1,4,2,1,1,1,5,,40,26,N
15-14-2018-18-031875,OCEAN-LAKEWOOD TWP,5,Y,Y,N,7,11,7,2,4,2,1,7,1,5,1,25,56,N
15-15-2018-L18-0982,OCEAN-LAVALLETTE BORO,4,N,N,N,2,1,2,1,4,2,1,1,1,5,1,45,26,N
15-15-2018-L18-2828,OCEAN-LAVALLETTE BORO,4,N,Y,N,4,11,2,1,4,2,1,7,1,5,1,35,52,N
15-15-2018-L18-4180,OCEAN-LAVALLETTE BORO,4,N,N,N,4,11,2,1,4,2,1,1,1,5,1,45,56,N
15-16-2018-18LE07554,OCEAN-LITTLE EGG HARBOR TWP,4,Y,N,N,2,3,2,1,4,2,1,1,1,5,1,50,26,N
15-16-2018-E030-2018-01147A,OCEAN-LITTLE EGG HARBOR TWP,5,N,Y,N,4,11,3,1,4,2,1,4,1,1,1,65,60,N
15-16-2018-E030-2018-00211A,OCEAN-LITTLE EGG HARBOR TWP,5,N,N,N,4,11,3,1,4,2,5,1,3,1,1,35,60,N
15-18-2018-M18-14318,OCEAN-MANCHESTER TWP,4,N,N,N,2,1,5,1,4,2,1,1,1,5,1,50,26,N
15-18-2018-M18-23280,OCEAN-MANCHESTER TWP,4,N,N,N,2,7,7,1,4,2,1,1,1,5,1,35,26,N
15-18-2018-M18-09901,OCEAN-MANCHESTER TWP,4,Y,N,N,2,3,5,1,4,2,1,1,5,5,1,40,26,N
15-18-2018-M18-18347,OCEAN-MANCHESTER TWP,4,N,N,N,3,5,2,1,4,1,1,1,1,5,1,55,26,N
15-18-2018-M18-19852,OCEAN-MANCHESTER TWP,4,Y,N,N,2,3,5,1,4,2,1,1,1,5,1,50,26,N
15-18-2018-M18-28019,OCEAN-MANCHESTER TWP,5,N,N,N,2,1,5,1,7,2,1,1,1,5,1,50,26,N
15-18-2018-M18-15346,OCEAN-MANCHESTER TWP,4,N,N,N,6,12,5,1,4,2,1,1,1,5,1,50,24,N
15-18-2018-M18-06303,OCEAN-MANCHESTER TWP,4,N,N,N,7,11,5,1,5,2,1,1,1,2,1,40,56,N
15-18-2018-M18-04379,OCEAN-MANCHESTER TWP,4,N,N,N,4,11,2,1,6,2,2,1,5,1,1,50,50,N
15-18-2018-M18-09976,OCEAN-MANCHESTER TWP,4,N,N,N,2,1,5,1,4,2,1,1,1,4,1,50,26,N
15-18-2018-M18-13195,OCEAN-MANCHESTER TWP,4,N,N,N,4,11,5,1,5,2,1,1,1,5,1,50,50,N
15-18-2018-M18-25462,OCEAN-MANCHESTER TWP,4,N,N,N,4,4,2,1,4,2,2,1,5,5,1,55,26,N
15-18-2018-M18-05155,OCEAN-MANCHESTER TWP,5,N,N,N,4,11,7,2,5,2,1,5,1,5,1,10,28,N
15-22-2018-2018-00089,OCEAN-PINE BEACH BORO,5,Y,N,N,4,11,2,1,4,2,1,1,1,5,,35,52,N
15-22-2018-2018-00588,OCEAN-PINE BEACH BORO,4,Y,N,N,4,3,5,1,4,2,2,1,5,5,1,30,26,N
15-23-2018-18PM01846,OCEAN-PLUMSTED TWP,5,Y,N,N,7,3,5,1,4,2,1,1,1,4,1,50,26,N
15-23-2018-18PM03475,OCEAN-PLUMSTED TWP,4,Y,N,N,4,3,5,1,4,2,2,1,2,4,1,55,26,N
15-24-2018-18-19-AC,OCEAN-POINT PLEASANT BORO,4,N,N,N,1,13,5,3,4,2,2,7,1,5,1,35,22,N
15-24-2018-18-295-AC,OCEAN-POINT PLEASANT BORO,4,N,N,N,5,14,2,1,4,2,1,7,1,5,1,35,26,N
15-25-2018-18-47,OCEAN-PT PLEASANT BEACH BORO,4,Y,N,N,2,13,2,1,4,2,3,1,3,5,1,35,,N
15-29-2018-18ST08708,OCEAN-SOUTH TOMS RIVER BORO,4,Y,Y,N,4,13,2,1,4,2,1,7,1,5,1,35,22,N
15-29-2018-18ST09035,OCEAN-SOUTH TOMS RIVER BORO,4,Y,N,N,7,11,5,1,4,2,1,7,1,4,1,40,56,N
15-29-2018-18ST05392,OCEAN-SOUTH TOMS RIVER BORO,5,Y,Y,N,1,13,2,1,4,2,1,6,1,5,1,50,22,N
15-29-2018-E030-2018-00481A,OCEAN-SOUTH TOMS RIVER BORO,4,N,N,N,1,13,3,1,4,2,2,5,5,1,5,55,22,N
15-30-2018-E030-2018-00120A,OCEAN-STAFFORD TWP,4,N,N,N,4,11,3,1,4,2,2,5,2,3,1,65,60,N
15-30-2018-I-2018-023182,OCEAN-STAFFORD TWP,4,N,N,N,2,1,2,1,4,2,1,1,1,5,1,55,26,N