crashid,location,severity_rating5,intersection,alcohol_involved,hazmat_involved,hs_collision_type,crash_type,road_sys_code,road_horiz_align_code,road_grade_code,road_surf_code,surf_cond_code,light_cond_code,environ_cond_code,road_median_code,temp_traffic_zone,posted_speed,first_harmful_event,flg_cell_in_use
15-30-2018-I-2018-017356,OCEAN-STAFFORD TWP,5,Y,N,N,2,3,2,1,4,2,1,1,1,3,2,45,26,N
15-07-2018-18-26653,OCEAN-TOMS RIVER TWP,4,Y,N,N,7,11,2,1,4,2,1,1,5,5,1,35,45,N
15-07-2018-18-58620,OCEAN-TOMS RIVER TWP,4,Y,N,N,4,3,7,1,4,2,1,1,1,5,1,25,26,N
15-07-2018-18-74331,OCEAN-TOMS RIVER TWP,4,N,N,N,2,2,5,1,4,2,1,6,1,2,1,45,26,N
15-07-2018-18-05355,OCEAN-TOMS RIVER TWP,4,N,Y,N,1,13,5,1,4,2,1,6,1,5,1,40,22,N
15-07-2018-18-25662,OCEAN-TOMS RIVER TWP,4,N,N,N,2,1,2,1,4,2,1,1,1,2,1,50,26,N
15-07-2018-18-04262,OCEAN-TOMS RIVER TWP,4,Y,N,N,1,13,5,1,4,2,1,1,1,5,1,35,26,N
15-07-2018-18-17697,OCEAN-TOMS RIVER TWP,5,Y,N,N,7,4,2,1,8,2,1,1,1,5,1,50,26,N
15-07-2018-18-47589,OCEAN-TOMS RIVER TWP,4,N,N,N,2,6,2,1,4,2,1,7,1,1,1,50,26,N
15-07-2018-18-44619,OCEAN-TOMS RIVER TWP,4,Y,N,N,5,14,2,1,4,2,1,7,1,5,1,35,26,N
15-07-2018-18-25681,OCEAN-TOMS RIVER TWP,4,Y,N,N,7,7,5,1,4,2,1,1,1,5,1,40,26,N
15-07-2018-18-40401,OCEAN-TOMS RIVER TWP,4,N,N,N,5,14,5,1,4,2,1,1,1,4,1,45,21,N
15-07-2018-18-66887,OCEAN-TOMS RIVER TWP,5,N,N,N,7,11,7,2,4,2,1,7,1,5,1,35,60,N
15-07-2018-18-01166,OCEAN-TOMS RIVER TWP,4,Y,N,N,2,4,5,1,4,2,1,1,1,4,1,45,26,N
15-07-2018-18-71392,OCEAN-TOMS RIVER TWP,4,Y,Y,N,2,1,5,2,5,2,1,7,1,5,1,40,26,N
15-07-2018-18-38560,OCEAN-TOMS RIVER TWP,5,N,N,N,2,4,5,3,5,2,1,1,1,5,1,45,26,N
15-07-2018-18-27658,OCEAN-TOMS RIVER TWP,4,N,N,N,2,1,2,1,5,2,1,1,1,2,1,50,26,N
15-07-2018-18-42951,OCEAN-TOMS RIVER TWP,4,N,N,N,7,4,5,2,4,2,1,1,1,5,1,45,26,N
15-07-2018-18-54240,OCEAN-TOMS RIVER TWP,4,N,N,N,1,13,2,1,4,2,1,1,1,5,2,50,22,N
15-07-2018-18-02982,OCEAN-TOMS RIVER TWP,5,N,Y,N,7,11,7,1,6,2,1,6,1,5,1,35,56,N
15-07-2018-18-43364,OCEAN-TOMS RIVER TWP,5,N,N,N,4,99,5,1,6,2,2,6,2,5,1,35,11,N
15-07-2018-18-40098,OCEAN-TOMS RIVER TWP,4,N,N,N,5,14,5,1,4,2,1,7,1,3,1,50,21,N
15-07-2018-E030-2018-01559A,OCEAN-TOMS RIVER TWP,5,N,N,Y,2,1,3,1,5,2,1,5,1,1,1,65,26,N
15-07-2018-18-51820,OCEAN-TOMS RIVER TWP,4,N,Y,N,4,10,2,1,4,1,1,6,1,,1,50,11,N
15-07-2018-18-38989,OCEAN-TOMS RIVER TWP,5,N,N,N,2,3,2,1,4,2,1,1,1,1,1,50,26,N
15-07-2018-18-68905,OCEAN-TOMS RIVER TWP,4,Y,N,N,2,14,2,2,4,2,2,6,2,1,1,50,21,N
16-01-2018-18-1679,PASSAIC-BLOOMINGDALE BORO,4,N,N,N,2,4,5,1,6,2,1,1,1,5,1,35,26,N
16-01-2018-18-3431,PASSAIC-BLOOMINGDALE BORO,4,N,N,N,4,11,5,2,5,2,2,6,4,5,1,35,52,N
16-02-2018-2018066980,PASSAIC-CLIFTON CITY,4,Y,N,N,7,11,5,1,4,2,1,6,1,5,1,30,52,N
16-02-2018-2018026885,PASSAIC-CLIFTON CITY,4,N,N,N,2,1,2,2,6,1,2,6,4,1,1,55,26,N
16-02-2018-18-06632,PASSAIC-CLIFTON CITY,4,N,N,N,1,13,7,1,5,1,1,1,1,5,1,25,26,N
16-02-2018-2018049619,PASSAIC-CLIFTON CITY,5,N,N,N,1,13,5,1,6,2,1,5,1,4,1,30,26,N
16-02-2018-2018011113,PASSAIC-CLIFTON CITY,4,N,N,N,4,11,5,1,5,2,1,6,1,4,1,40,,N
16-02-2018-2018028495,PASSAIC-CLIFTON CITY,4,N,N,N,2,6,7,2,5,2,1,1,5,5,1,25,26,N
16-02-2018-2018050069,PASSAIC-CLIFTON CITY,4,N,N,N,7,11,2,1,4,2,1,1,1,1,1,50,26,N
16-02-2018-2018045830,PASSAIC-CLIFTON CITY,4,N,N,N,7,11,5,1,4,2,1,1,1,4,1,25,26,N
16-02-2018-2018028260,PASSAIC-CLIFTON CITY,5,N,N,N,4,11,2,3,5,2,1,1,1,1,1,55,46,N
16-02-2018-2018061412,PASSAIC-CLIFTON CITY,5,N,N,N,1,13,5,1,4,2,2,6,2,4,1,25,22,N
16-02-2018-2018013816,PASSAIC-CLIFTON CITY,4,N,N,N,7,11,5,1,4,2,1,1,1,5,1,35,0,N
16-02-2018-2018016135,PASSAIC-CLIFTON CITY,4,Y,N,N,1,4,7,1,4,2,1,1,1,5,1,25,22,N
16-02-2018-2018049800,PASSAIC-CLIFTON CITY,5,N,N,N,1,13,2,1,4,2,1,6,1,1,1,55,22,N
16-02-2018-2018060696,PASSAIC-CLIFTON CITY,5,N,N,N,2,3,5,1,4,2,1,1,1,5,1,35,26,N
16-04-2018-18-18439,PASSAIC-HAWTHORNE BORO,5,N,N,N,2,7,5,1,4,2,1,6,1,5,1,30,26,N
16-04-2018-18-34243,PASSAIC-HAWTHORNE BORO,5,Y,N,N,1,13,5,1,4,2,1,5,1,5,1,35,22,N
16-05-2018-18-06512,PASSAIC-LITTLE FALLS TWP,4,N,N,N,7,11,5,1,4,2,1,1,1,4,1,30,60,N
16-05-2018-18-02649,PASSAIC-LITTLE FALLS TWP,5,N,N,N,2,1,2,1,6,2,1,1,1,1,1,50,26,N
16-05-2018-18-05300,PASSAIC-LITTLE FALLS TWP,4,N,N,N,7,3,2,1,4,2,1,1,1,1,2,50,26,N
16-07-2018-18-54110,PASSAIC-PASSAIC CITY,5,Y,N,N,1,13,7,1,4,2,2,6,2,4,1,25,22,N
16-07-2018-18-88202,PASSAIC-PASSAIC CITY,4,Y,N,N,1,13,5,1,4,2,1,6,1,4,1,25,22,N
16-07-2018-18-64278,PASSAIC-PASSAIC CITY,4,N,N,N,2,3,7,1,5,2,2,1,2,4,1,25,26,N
16-07-2018-18-90185,PASSAIC-PASSAIC CITY,4,Y,N,N,2,3,7,1,4,2,2,6,1,5,1,25,26,N
16-07-2018-18-91720,PASSAIC-PASSAIC CITY,4,N,Y,N,2,6,7,1,4,2,1,6,1,5,1,25,26,N
16-07-2018-18-90771,PASSAIC-PASSAIC CITY,4,N,N,N,2,3,5,1,4,2,1,6,1,4,,25,26,N
16-07-2018-18-90124,PASSAIC-PASSAIC CITY,4,Y,N,N,2,4,5,1,4,2,2,6,1,4,1,25,26,N
16-07-2018-18-92821,PASSAIC-PASSAIC CITY,4,Y,N,N,2,3,5,1,4,2,1,1,1,5,1,25,26,N
16-07-2018-18-91013,PASSAIC-PASSAIC CITY,4,Y,N,N,5,14,7,1,4,2,2,6,2,5,1,25,21,N
16-07-2018-18-91995,PASSAIC-PASSAIC CITY,4,N,Y,N,2,1,7,1,4,2,1,6,1,5,1,25,26,N
16-07-2018-18-32220,PASSAIC-PASSAIC CITY,4,Y,N,N,4,10,5,1,4,2,1,1,1,5,1,25,11,N
16-07-2018-18-90544,PASSAIC-PASSAIC CITY,4,N,N,N,2,1,5,1,4,2,1,7,1,1,1,25,,N
16-08-2018-2018-037781,PASSAIC-PATERSON CITY,4,N,N,N,1,13,7,1,4,2,1,6,1,5,1,25,22,N
16-08-2018-2018-049802,PASSAIC-PATERSON CITY,5,N,N,N,7,11,2,2,4,2,1,6,1,,1,45,,N
16-08-2018-2018-067489,PASSAIC-PATERSON CITY,4,N,N,N,1,13,7,1,4,2,1,6,1,5,1,25,22,N
16-08-2018-18-059935,PASSAIC-PATERSON CITY,4,N,N,N,5,14,7,1,4,2,1,3,1,4,1,25,26,N
16-08-2018-2018-115163,PASSAIC-PATERSON CITY,4,Y,N,N,1,13,7,1,4,2,1,6,1,5,1,25,22,N
16-08-2018-2018-035575,PASSAIC-PATERSON CITY,4,N,N,N,7,11,7,1,4,2,1,3,1,5,1,25,,N
16-08-2018-18-45394,PASSAIC-PATERSON CITY,5,N,N,N,2,6,7,1,4,2,2,0,2,5,1,25,28,N
16-08-2018-2018-074313,PASSAIC-PATERSON CITY,4,Y,N,N,5,14,5,1,5,2,1,1,1,4,1,25,21,N
16-08-2018-B060-2018-02330A,PASSAIC-PATERSON CITY,5,N,N,N,1,13,1,3,4,2,1,1,1,1,1,55,22,N
16-08-2018-2018-026615,PASSAIC-PATERSON CITY,4,Y,N,N,1,13,7,1,4,2,1,6,1,5,1,25,22,N
16-08-2018-2018-032607,PASSAIC-PATERSON CITY,4,Y,N,N,7,11,2,1,4,2,1,6,1,1,1,,0,N
16-08-2018-2018-100881,PASSAIC-PATERSON CITY,4,Y,N,N,1,13,5,1,4,2,1,6,1,4,1,25,22,N
16-08-2018-18-054345,PASSAIC-PATERSON CITY,4,N,N,N,1,13,5,1,4,2,1,1,1,5,1,25,,N
16-08-2018-18-036037,PASSAIC-PATERSON CITY,5,N,N,N,2,6,7,1,4,2,1,1,1,4,1,25,28,N
16-08-2018-2018-067744,PASSAIC-PATERSON CITY,4,Y,N,N,2,3,5,1,4,2,1,1,1,4,1,25,26,N
16-08-2018-B060-2018-01073A,PASSAIC-PATERSON CITY,4,N,N,N,7,11,1,2,4,2,2,6,1,1,1,55,48,N
16-08-2018-2018-019524,PASSAIC-PATERSON CITY,4,Y,N,N,2,14,5,1,4,2,1,1,1,4,1,25,21,N
16-08-2018-2018050578,PASSAIC-PATERSON CITY,4,N,N,N,7,11,2,3,4,2,1,2,1,2,1,20,,N
16-08-2018-2018-098910,PASSAIC-PATERSON CITY,4,N,N,N,2,13,7,1,4,2,1,1,1,4,1,25,22,N
16-08-2018-2018-096074,PASSAIC-PATERSON CITY,4,N,N,N,2,6,7,1,4,2,1,6,1,4,1,25,,N
16-08-2018-2018-070798,PASSAIC-PATERSON CITY,5,N,N,N,2,6,7,1,4,2,2,7,1,5,1,25,,N
16-08-2018-2018-009231,PASSAIC-PATERSON CITY,4,Y,N,N,2,6,7,1,4,2,1,7,1,5,1,25,,N
16-08-2018-2018-040691,PASSAIC-PATERSON CITY,4,Y,N,N,2,3,5,1,4,2,1,6,1,4,1,25,26,N
16-08-2018-2018-067099,PASSAIC-PATERSON CITY,4,Y,N,N,2,4,5,1,4,2,2,6,2,1,1,25,26,N
16-08-2018-2018-045779,PASSAIC-PATERSON CITY,4,Y,N,N,2,7,5,1,4,2,1,1,1,4,1,25,26,N
16-08-2018-2018-058272,PASSAIC-PATERSON CITY,4,Y,N,N,1,13,5,1,4,2,1,1,1,4,1,25,,N
16-08-2018-2018-092456,PASSAIC-PATERSON CITY,4,N,N,N,1,13,7,1,4,2,2,6,2,4,1,25,,N
16-08-2018-2018-054970,PASSAIC-PATERSON CITY,4,Y,N,N,1,13,7,1,4,2,1,1,1,4,1,25,,N
16-08-2018-2018074101,PASSAIC-PATERSON CITY,4,N,N,N,1,13,5,1,,2,2,4,1,5,1,25,,N
16-08-2018-B060-2018-02392A,PASSAIC-PATERSON CITY,5,N,N,N,1,13,7,1,4,2,1,1,1,2,1,35,22,N
16-08-2018-2018-117983,PASSAIC-PATERSON CITY,4,Y,N,N,1,13,7,1,4,2,1,2,1,4,1,25,22,N
16-09-2018-2018002290,PASSAIC-POMPTON LAKES BORO,4,Y,N,N,2,2,5,1,5,2,1,1,1,5,1,35,26,N
16-11-2018-I-2018-001385,PASSAIC-RINGWOOD BORO,4,N,Y,N,2,13,5,2,5,2,4,3,7,4,,40,22,N
16-11-2018-I-2018-001812,PASSAIC-RINGWOOD BORO,4,N,N,N,4,4,5,3,7,2,1,1,1,5,1,40,26,N
16-11-2018-I-2018-001386,PASSAIC-RINGWOOD BORO,4,N,N,N,4,11,5,2,5,2,4,3,7,4,,40,57,N
16-12-2018-18-03387,PASSAIC-TOTOWA BORO,4,N,N,N,2,10,7,1,4,2,1,7,1,5,5,25,,N
16-13-2018-18-02785,PASSAIC-WANAQUE BORO,5,Y,N,N,1,13,5,3,4,99,2,1,5,5,1,25,22,N
16-14-2018-2018004570,PASSAIC-WAYNE TWP,4,N,Y,N,7,11,7,3,4,2,1,5,1,5,1,25,,N
16-14-2018-2018029954,PASSAIC-WAYNE TWP,5,Y,N,N,2,7,5,1,4,2,1,1,1,4,1,45,26,N
16-14-2018-2018000663,PASSAIC-WAYNE TWP,4,N,N,N,7,2,7,2,6,2,3,3,3,5,1,25,26,N
16-14-2018-2018010717,PASSAIC-WAYNE TWP,5,Y,N,N,1,13,5,1,4,2,1,7,1,5,1,40,26,N
16-14-2018-2018038141,PASSAIC-WAYNE TWP,4,N,N,N,4,11,2,1,4,2,2,1,2,1,1,50,60,N
16-14-2018-2018031173,PASSAIC-WAYNE TWP,4,N,N,N,3,99,5,1,4,2,1,1,1,4,1,45,26,N
16-14-2018-2018010454,PASSAIC-WAYNE TWP,5,Y,N,N,1,13,5,1,4,2,1,1,1,2,1,40,22,N
16-14-2018-2018050188,PASSAIC-WAYNE TWP,5,N,N,N,2,2,5,1,4,2,1,1,1,5,1,40,26,N
16-14-2018-2018062338,PASSAIC-WAYNE TWP,4,N,N,N,1,13,7,1,5,2,1,7,1,5,1,35,22,N
16-14-2018-2018053989,PASSAIC-WAYNE TWP,4,N,N,N,3,2,7,1,4,2,1,1,1,5,1,25,26,N
16-14-2018-2018022146,PASSAIC-WAYNE TWP,4,Y,N,N,2,3,5,1,7,2,1,1,1,5,1,40,26,N
16-15-2018-18-7266-AC,PASSAIC-WEST MILFORD TWP,5,N,N,N,4,11,2,1,6,2,1,3,1,3,1,55,50,N
16-15-2018-18-3636-AC,PASSAIC-WEST MILFORD TWP,4,N,N,N,2,6,7,1,4,2,1,1,1,5,1,25,26,N
16-16-2018-B060-2018-02893A,PASSAIC-WOODLAND PARK BORO,4,N,Y,N,4,1,1,2,4,2,1,5,1,1,1,55,26,N
16-16-2018-18-02907,PASSAIC-WOODLAND PARK BORO,4,Y,N,N,1,13,5,3,4,2,2,6,2,4,1,25,22,N
16-16-2018-18-03363,PASSAIC-WOODLAND PARK BORO,4,N,N,N,2,3,5,1,4,2,2,1,2,4,1,25,26,N
16-16-2018-B060-2018-02057A,PASSAIC-WOODLAND PARK BORO,5,N,Y,N,2,4,1,3,4,2,2,6,5,1,1,55,26,N
17-01-2018-A140-2018-00270A,SALEM-ALLOWAY TWP,5,N,N,N,4,11,5,1,6,2,1,1,1,5,1,50,69,N
17-01-2018-A140-2018-00840A,SALEM-ALLOWAY TWP,4,N,N,N,5,14,5,1,4,2,1,1,1,5,1,50,26,N
17-01-2018-A140-2018-00024A,SALEM-ALLOWAY TWP,4,N,N,N,4,11,5,1,6,2,3,1,1,5,1,45,52,N
17-13-2018-PV-2018-12636,SALEM-CARNEYS POINT TWP,5,N,N,N,4,4,5,1,4,2,1,6,1,5,1,50,26,N
17-13-2018-A140-2018-00256A,SALEM-CARNEYS POINT TWP,4,N,Y,N,4,11,1,1,4,2,1,1,1,3,1,65,60,N
17-13-2018-A140-2018-00414A,SALEM-CARNEYS POINT TWP,4,N,N,N,6,12,1,1,4,2,1,7,1,1,1,65,24,N
17-13-2018-A140-2018-00005A,SALEM-CARNEYS POINT TWP,5,N,N,N,4,11,1,1,4,2,3,5,3,3,1,65,60,N
17-13-2018-A140-2018-00438A,SALEM-CARNEYS POINT TWP,5,N,Y,N,4,4,1,1,4,2,1,5,1,1,1,65,26,N
17-04-2018-LAC-2018-00548,SALEM-LOWER ALLOWAYS CRK TWP,4,N,N,N,4,1,5,1,4,2,1,1,1,5,1,50,26,Y
17-04-2018-LAC-2018-02318,SALEM-LOWER ALLOWAYS CRK TWP,5,N,N,N,4,11,7,3,4,2,1,1,1,5,1,50,60,N
17-06-2018-A140-2018-00506A,SALEM-OLDMANS TWP,5,N,N,N,4,11,5,1,4,2,1,0,1,5,1,45,60,N
17-06-2018-A140-2018-00748A,SALEM-OLDMANS TWP,4,N,N,N,2,1,1,1,4,2,1,5,1,3,1,65,26,N
17-06-2018-A140-2018-01001A,SALEM-OLDMANS TWP,4,N,Y,N,4,11,1,1,4,2,2,1,2,3,1,65,60,N
17-08-2018-PV-2018-15079,SALEM-PENNSVILLE TWP,4,N,N,N,7,6,5,1,4,2,1,1,1,5,1,50,26,N
17-08-2018-PV-2018-01097,SALEM-PENNSVILLE TWP,4,N,N,N,4,6,2,1,4,2,1,6,1,5,1,50,26,N
17-09-2018-A140-2018-00027A,SALEM-PILESGROVE TWP,4,N,Y,N,4,11,2,2,4,2,1,5,1,5,1,50,52,N
17-09-2018-A140-2018-00155A,SALEM-PILESGROVE TWP,4,N,N,N,4,5,5,1,4,2,2,1,2,5,1,50,26,N
17-09-2018-D020-2018-00501A,SALEM-PILESGROVE TWP,4,N,N,N,7,11,3,3,6,2,1,1,1,1,1,65,48,N
17-09-2018-A140-2018-00244A,SALEM-PILESGROVE TWP,5,N,N,N,4,10,7,1,4,2,1,1,1,5,1,50,1,N
17-10-2018-A040-2018-00801A,SALEM-PITTSGROVE TWP,4,N,N,N,2,1,5,1,4,2,1,1,1,5,1,35,26,N
17-10-2018-A040-2018-00517A,SALEM-PITTSGROVE TWP,4,N,N,N,4,11,5,1,4,2,2,5,1,5,1,25,60,N
17-10-2018-A040-2018-00417A,SALEM-PITTSGROVE TWP,4,N,N,N,4,4,7,1,5,2,2,1,1,5,1,50,26,N
17-11-2018-A140-2018-00607A,SALEM-QUINTON TWP,4,N,N,N,4,11,2,1,4,2,1,1,1,5,1,45,60,N
17-12-2018-SC-2018-03893,SALEM-SALEM CITY,4,N,N,N,1,13,2,1,4,2,1,1,1,4,1,35,26,N
17-12-2018-SC-2018-04712,SALEM-SALEM CITY,4,N,N,N,8,2,7,3,4,2,1,5,5,5,1,25,26,N
17-14-2018-A140-2018-00178A,SALEM-UPPER PITTSGROVE TWP,4,N,N,N,7,15,5,1,4,2,2,5,8,5,1,50,60,N
17-14-2018-A140-2018-00801A,SALEM-UPPER PITTSGROVE TWP,4,N,N,N,2,3,5,1,4,2,1,1,1,5,1,30,26,N
17-14-2018-A140-2018-00919A,SALEM-UPPER PITTSGROVE TWP,4,N,N,N,4,3,2,1,4,2,1,5,1,5,1,50,26,N
17-14-2018-A140-2018-00003A,SALEM-UPPER PITTSGROVE TWP,4,N,N,N,2,3,2,1,4,2,1,7,1,5,1,50,26,N
17-14-2018-A140-2018-00586A,SALEM-UPPER PITTSGROVE TWP,4,N,N,N,2,3,2,1,4,2,1,1,1,5,1,50,26,N
17-15-2018-WB-2018-03089,SALEM-WOODSTOWN BORO,4,N,N,N,7,11,7,3,4,2,1,1,1,5,1,25,56,N
18-01-2018-18019697,SOMERSET-BEDMINSTER TWP,4,N,Y,N,4,11,2,2,6,2,2,7,2,5,1,50,60,N
18-01-2018-B110-2018-00179A,SOMERSET-BEDMINSTER TWP,4,N,N,N,2,1,1,1,4,2,2,1,2,3,1,65,26,N
18-01-2018-B130-2018-04404A,SOMERSET-BEDMINSTER TWP,4,N,N,N,4,2,1,1,4,2,1,1,1,1,1,65,26,N
18-02-2018-BT-2018-002354,SOMERSET-BERNARDS TWP,5,N,Y,N,7,11,7,2,4,2,1,7,1,2,1,35,60,N
18-02-2018-BT-2018-003916,SOMERSET-BERNARDS TWP,4,N,N,N,7,11,5,3,4,2,2,2,1,5,1,40,69,N
18-02-2018-BT-2018-003444,SOMERSET-BERNARDS TWP,4,N,N,N,2,3,2,1,4,2,1,1,1,5,1,35,26,N
18-02-2018-BT-2018-003153,SOMERSET-BERNARDS TWP,5,N,N,N,4,10,5,1,5,2,2,7,1,5,1,45,2,N
18-02-2018-B130-2018-01515A,SOMERSET-BERNARDS TWP,5,N,Y,N,4,10,1,1,6,2,1,1,1,3,1,65,1,N
18-02-2018-B130-2018-04658A,SOMERSET-BERNARDS TWP,5,N,N,N,4,11,1,1,4,2,1,5,1,1,1,65,46,N
18-03-2018-I-2018-001353,SOMERSET-BERNARDSVILLE BORO,5,N,N,N,4,4,2,1,4,2,1,3,1,5,1,45,26,N
18-04-2018-18014700,SOMERSET-BOUND BROOK BORO,4,N,Y,N,4,1,2,1,4,2,1,7,1,5,1,35,26,N
18-05-2018-18003181,SOMERSET-BRANCHBURG TWP,4,N,Y,N,4,11,5,3,6,2,1,5,1,5,1,35,60,N
18-06-2018-18249351,SOMERSET-BRIDGEWATER TWP,5,N,N,N,7,11,5,1,4,2,1,1,1,5,1,45,56,N
18-06-2018-18298540,SOMERSET-BRIDGEWATER TWP,4,N,N,N,1,13,5,2,4,2,1,4,1,2,1,25,22,N
18-06-2018-18207041,SOMERSET-BRIDGEWATER TWP,5,Y,N,N,1,13,2,1,4,2,1,4,1,3,1,55,22,N
18-06-2018-18288580,SOMERSET-BRIDGEWATER TWP,4,Y,Y,N,4,11,2,1,4,2,2,1,1,3,1,35,,N
18-06-2018-18105227,SOMERSET-BRIDGEWATER TWP,4,N,N,N,7,2,7,1,4,2,1,7,1,5,1,25,26,N
18-06-2018-18243520,SOMERSET-BRIDGEWATER TWP,4,N,N,N,1,13,7,1,4,2,1,7,1,5,1,25,22,N
18-06-2018-B130-2018-01878A,SOMERSET-BRIDGEWATER TWP,5,N,N,N,1,13,1,1,4,2,1,1,1,1,5,65,26,N
18-06-2018-18266105,SOMERSET-BRIDGEWATER TWP,5,N,N,N,4,11,5,1,4,2,1,7,1,5,1,40,56,N
18-06-2018-18156052,SOMERSET-BRIDGEWATER TWP,4,N,N,N,7,11,5,2,6,2,1,7,1,2,1,35,56,N
18-06-2018-18164194,SOMERSET-BRIDGEWATER TWP,5,N,N,N,1,13,9,1,4,2,1,1,1,5,1,,26,N
18-06-2018-18264123,SOMERSET-BRIDGEWATER TWP,4,Y,N,N,2,7,5,1,4,2,1,3,1,5,1,40,26,N
18-07-2018-B130-2018-02427A,SOMERSET-FAR HILLS BORO,4,N,N,N,4,11,1,1,4,2,1,1,1,3,1,65,60,N
18-08-2018-18060563,SOMERSET-FRANKLIN TWP,4,Y,N,N,2,7,5,1,4,2,1,2,1,5,1,40,26,N
18-08-2018-18036858,SOMERSET-FRANKLIN TWP,4,N,N,N,4,11,7,1,4,2,1,1,1,5,1,40,58,N
18-08-2018-18018315,SOMERSET-FRANKLIN TWP,4,N,N,N,1,13,7,1,4,2,1,7,1,5,1,40,22,N
18-08-2018-18061396,SOMERSET-FRANKLIN TWP,4,N,N,N,2,4,7,1,4,2,2,7,5,5,1,40,26,N
18-08-2018-18057771,SOMERSET-FRANKLIN TWP,5,N,N,N,4,10,7,3,6,2,1,7,1,5,1,40,1,N
18-08-2018-18022205,SOMERSET-FRANKLIN TWP,4,N,N,N,7,11,7,1,4,2,1,1,1,5,1,40,52,N
18-08-2018-18029872,SOMERSET-FRANKLIN TWP,4,Y,N,N,1,13,7,1,4,2,1,1,1,5,1,40,22,N
18-08-2018-18005396,SOMERSET-FRANKLIN TWP,5,N,N,N,7,3,7,1,4,2,1,1,1,5,1,40,26,N
18-08-2018-18022160,SOMERSET-FRANKLIN TWP,4,Y,N,N,4,3,7,1,4,2,1,1,1,5,1,30,26,N
18-08-2018-18044830,SOMERSET-FRANKLIN TWP,4,N,N,N,2,4,7,1,4,2,1,1,1,5,1,35,26,N
18-08-2018-18040054,SOMERSET-FRANKLIN TWP,5,N,Y,N,2,6,7,1,4,2,1,5,1,5,1,25,28,N
18-08-2018-18003177,SOMERSET-FRANKLIN TWP,5,Y,N,N,1,13,5,1,4,2,1,7,1,2,1,45,22,N
18-08-2018-18048479,SOMERSET-FRANKLIN TWP,5,Y,N,N,5,14,7,1,8,2,1,1,1,5,1,35,26,N
18-08-2018-18064839,SOMERSET-FRANKLIN TWP,4,N,N,N,4,11,7,1,4,2,1,1,1,5,1,30,60,N
18-08-2018-18024282,SOMERSET-FRANKLIN TWP,4,Y,N,N,2,3,5,1,4,2,1,1,5,5,1,40,26,N
18-08-2018-18050581,SOMERSET-FRANKLIN TWP,5,Y,N,N,2,3,5,3,6,2,1,1,5,5,1,45,26,N
18-08-2018-18043070,SOMERSET-FRANKLIN TWP,5,N,N,N,1,13,5,1,4,2,1,1,1,2,1,45,22,N
18-08-2018-18045806,SOMERSET-FRANKLIN TWP,4,N,N,N,2,1,5,1,4,2,1,1,1,5,1,35,26,N
18-09-2018-18206333,SOMERSET-GREEN BROOK TWP,4,Y,N,N,2,3,2,1,4,2,1,5,1,1,1,55,26,N
18-09-2018-18-278232,SOMERSET-GREEN BROOK TWP,5,N,N,N,4,11,7,2,5,2,2,1,5,5,1,40,46,N
18-09-2018-18198781,SOMERSET-GREEN BROOK TWP,4,N,N,N,4,11,2,1,4,2,1,6,1,1,1,55,19,N