crashid,location,severity_rating5,intersection,alcohol_involved,hazmat_involved,hs_collision_type,crash_type,road_sys_code,road_horiz_align_code,road_grade_code,road_surf_code,surf_cond_code,light_cond_code,environ_cond_code,road_median_code,temp_traffic_zone,posted_speed,first_harmful_event,flg_cell_in_use
18-10-2018-2018-2404,SOMERSET-HILLSBOROUGH TWP,4,N,N,N,4,11,7,1,4,2,1,1,1,5,1,35,60,N
18-10-2018-2018-981,SOMERSET-HILLSBOROUGH TWP,5,N,N,N,4,11,7,1,4,2,2,2,2,5,1,45,50,N
18-10-2018-2018-612,SOMERSET-HILLSBOROUGH TWP,4,Y,N,N,2,4,2,1,4,2,1,1,1,5,1,40,26,N
18-10-2018-18-2647,SOMERSET-HILLSBOROUGH TWP,4,Y,N,N,2,7,7,1,4,2,1,1,1,2,1,40,26,N
18-11-2018-18289851,SOMERSET-MANVILLE BORO,5,Y,N,N,1,13,5,1,4,2,2,6,2,5,1,25,22,N
18-13-2018-18013872,SOMERSET-MONTGOMERY TWP,4,N,N,N,4,11,2,1,4,2,1,1,1,5,1,45,50,N
18-13-2018-18021829,SOMERSET-MONTGOMERY TWP,4,Y,Y,N,3,3,7,1,4,2,1,1,1,5,1,35,26,N
18-13-2018-18004934,SOMERSET-MONTGOMERY TWP,5,N,N,N,4,1,5,1,4,2,2,5,5,5,1,50,26,N
18-13-2018-18005042,SOMERSET-MONTGOMERY TWP,5,N,N,N,6,12,5,1,4,2,1,5,1,5,2,50,24,N
18-14-2018-I-N2018-002812,SOMERSET-NORTH PLAINFIELD BORO,4,Y,N,N,2,3,7,1,4,2,1,6,1,5,1,25,26,N
18-14-2018-I-N2018-015267,SOMERSET-NORTH PLAINFIELD BORO,4,Y,N,N,2,5,5,1,4,2,1,6,1,5,1,25,26,N
18-14-2018-I-N2018-010483,SOMERSET-NORTH PLAINFIELD BORO,5,N,N,N,1,13,5,1,4,2,1,5,1,5,,25,22,N
18-16-2018-18005331,SOMERSET-RARITAN BORO,4,Y,N,N,2,13,2,1,4,2,2,1,2,1,1,40,22,N
18-16-2018-18007217,SOMERSET-RARITAN BORO,5,N,Y,N,2,6,7,1,4,2,1,1,1,5,1,25,28,N
18-18-2018-18012297,SOMERSET-SOMERVILLE BORO,4,N,Y,N,2,4,2,1,4,2,2,6,1,5,1,35,26,Y
18-18-2018-18004012,SOMERSET-SOMERVILLE BORO,4,N,N,N,1,13,7,1,5,2,1,1,1,5,1,25,26,N
18-18-2018-18010262,SOMERSET-SOMERVILLE BORO,5,Y,N,N,1,13,2,1,4,2,1,1,1,5,1,30,26,N
18-20-2018-I-2018-007928,SOMERSET-WARREN TWP,4,N,N,N,1,13,7,1,4,2,1,1,1,5,1,25,22,N
18-21-2018-18-26445,SOMERSET-WATCHUNG BORO,4,Y,N,N,2,3,2,1,4,2,1,6,1,1,1,50,27,N
18-21-2018-18-19207,SOMERSET-WATCHUNG BORO,4,N,N,N,3,10,5,3,5,2,1,3,1,4,1,35,1,N
18-21-2018-18-08423,SOMERSET-WATCHUNG BORO,4,Y,N,N,4,10,5,3,4,2,1,1,1,5,1,35,1,N
18-21-2018-B130-2018-01324A,SOMERSET-WATCHUNG BORO,4,N,Y,N,4,11,1,3,5,2,1,1,1,1,1,65,48,N
18-21-2018-B130-2018-00391A,SOMERSET-WATCHUNG BORO,5,N,N,N,4,2,1,1,4,2,2,1,2,3,1,65,60,N
18-21-2018-18-26336,SOMERSET-WATCHUNG BORO,4,Y,N,N,2,3,2,1,4,2,2,1,2,,1,50,26,N
18-21-2018-18-26751,SOMERSET-WATCHUNG BORO,4,N,N,N,2,2,2,2,4,2,1,1,1,4,1,50,26,N
19-01-2018-B050-2018-01280A,SUSSEX-ANDOVER BORO,4,Y,N,N,4,11,2,1,6,2,1,1,1,5,1,50,56,N
19-01-2018-B050-2018-01323A,SUSSEX-ANDOVER BORO,4,N,N,N,4,11,2,1,4,2,2,7,2,5,1,30,60,N
19-01-2018-B050-2018-01069A,SUSSEX-ANDOVER BORO,5,N,N,N,4,4,2,3,6,2,2,1,2,5,1,40,26,N
19-02-2018-I-2018-004681,SUSSEX-ANDOVER TWP,4,Y,N,N,3,10,7,1,4,2,1,3,1,5,1,25,1,N
19-02-2018-I-2018-005026,SUSSEX-ANDOVER TWP,5,N,Y,N,4,11,7,3,7,2,1,3,1,5,1,35,52,N
19-05-2018-B050-2018-00332A,SUSSEX-FRANKFORD TWP,4,N,N,N,2,4,2,1,5,2,1,2,1,5,1,50,26,N
19-06-2018-FP2018-005443,SUSSEX-FRANKLIN BORO,4,N,N,N,4,5,2,3,5,2,1,1,1,5,1,40,26,N
19-07-2018-B050-2018-00573A,SUSSEX-FREDON TWP,5,N,N,N,4,11,5,3,6,2,2,1,2,5,1,35,54,N
19-07-2018-B050-2018-00966A,SUSSEX-FREDON TWP,5,N,N,N,4,4,2,1,4,2,1,5,1,5,1,50,26,N
19-10-2018-B050-2018-00250A,SUSSEX-HAMPTON TWP,5,N,N,N,2,3,2,1,7,2,1,3,1,5,1,50,26,N
19-10-2018-B050-2018-01296A,SUSSEX-HAMPTON TWP,5,N,N,N,2,4,2,1,6,2,1,5,1,5,1,50,26,N
19-10-2018-B050-2018-01207A,SUSSEX-HAMPTON TWP,4,N,N,N,8,15,5,1,4,2,1,1,1,5,1,40,39,N
19-11-2018-18-17153,SUSSEX-HARDYSTON TWP,4,Y,N,N,4,3,2,1,6,2,2,1,2,5,1,45,26,N
19-11-2018-18-16818,SUSSEX-HARDYSTON TWP,4,Y,N,N,2,1,2,1,4,2,1,5,3,5,1,45,26,N
19-11-2018-18-05791,SUSSEX-HARDYSTON TWP,5,Y,N,N,4,3,2,1,4,2,1,1,1,5,1,45,26,N
19-13-2018-B050-2018-01458A,SUSSEX-LAFAYETTE TWP,5,N,N,N,4,11,5,2,4,2,1,1,1,5,1,25,60,N
19-13-2018-B050-2018-00543A,SUSSEX-LAFAYETTE TWP,4,N,N,N,2,1,2,1,4,2,1,1,1,4,1,50,26,N
19-14-2018-B050-2018-00630A,SUSSEX-MONTAGUE TWP,5,N,Y,N,3,10,2,2,6,2,1,1,1,5,1,50,1,N
19-14-2018-B050-2018-01098A,SUSSEX-MONTAGUE TWP,4,N,N,N,7,11,2,2,6,2,1,1,1,5,1,40,46,N
19-15-2018-NPD-2018-003582,SUSSEX-NEWTON TOWN,4,N,N,N,1,13,2,1,4,2,1,1,1,5,1,25,22,N
19-17-2018-B050-2018-00946A,SUSSEX-SANDVSTON TWP,4,N,N,N,4,11,5,3,5,2,1,1,1,5,1,35,1,N
19-17-2018-B050-2018-00452A,SUSSEX-SANDVSTON TWP,4,N,N,N,4,2,2,1,4,2,1,1,1,5,1,50,26,N
19-18-2018-ST2018-008307,SUSSEX-SPARTA TWP,4,Y,N,N,2,7,2,1,4,2,1,1,1,5,1,45,26,N
19-18-2018-ST2018-017202,SUSSEX-SPARTA TWP,4,Y,N,N,4,3,2,1,4,2,1,1,1,4,1,50,26,N
19-19-2018-SB2018-??2740,SUSSEX-STANHOPE BORO,4,N,N,N,4,11,2,2,4,2,1,1,1,5,1,45,60,N
19-19-2018-SB2018-003400,SUSSEX-STANHOPE BORO,5,N,Y,N,1,13,2,1,6,2,2,6,2,4,1,40,26,N
19-22-2018-18-30107,SUSSEX-VERNON TWP,4,N,Y,N,4,10,7,1,4,2,1,5,1,5,1,45,1,N
19-22-2018-18-05572,SUSSEX-VERNON TWP,4,Y,N,N,2,3,5,1,4,2,1,1,1,5,1,35,26,N
19-22-2018-18-32715,SUSSEX-VERNON TWP,5,N,N,N,2,6,7,1,4,2,1,5,1,5,1,25,1,N
19-24-2018-B050-2018-00151A,SUSSEX-WANTAGE TWP,4,N,Y,N,4,4,2,1,4,2,3,5,3,5,1,45,26,N
19-24-2018-B050-2018-00930A,SUSSEX-WANTAGE TWP,5,Y,N,N,4,11,2,3,5,2,2,1,1,5,1,50,46,N
19-24-2018-B050-2018-00235A,SUSSEX-WANTAGE TWP,4,Y,Y,N,7,10,5,3,5,2,1,1,1,5,1,40,1,N
19-24-2018-B050-2018-01215A,SUSSEX-WANTAGE TWP,4,N,Y,N,7,2,2,3,6,2,1,1,1,5,1,45,26,N
20-01-2018-I-2018-10781,UNION-BERKELEY HEIGHTS TWP,4,N,N,N,4,11,5,1,5,2,1,1,1,5,1,35,61,N
20-01-2018-B130-2018-02435A,UNION-BERKELEY HEIGHTS TWP,5,N,N,N,7,11,1,2,5,2,1,1,1,1,1,65,48,N
20-02-2018-18-31821,UNION-CLARK TWP,4,N,N,N,2,2,7,1,4,2,2,1,2,5,1,25,26,N
20-02-2018-18-31767,UNION-CLARK TWP,4,N,N,N,2,1,5,1,4,1,1,6,1,4,1,25,26,N
20-02-2018-18-08563,UNION-CLARK TWP,4,Y,N,N,2,13,5,1,4,2,2,6,4,4,1,25,22,N
20-02-2018-18-31771,UNION-CLARK TWP,4,Y,N,N,2,1,5,1,4,2,1,6,1,4,1,35,26,N
20-02-2018-18-32143,UNION-CLARK TWP,4,N,N,N,2,3,5,1,4,2,2,6,2,4,1,25,26,N
20-02-2018-18-32967,UNION-CLARK TWP,4,N,N,N,7,5,5,1,4,2,2,6,2,4,1,25,26,N
20-03-2018-18-47861,UNION-CRANFORD TWP,4,Y,N,N,2,13,5,1,4,2,1,1,1,5,1,,22,N
20-03-2018-18-62513,UNION-CRANFORD TWP,4,Y,N,N,2,7,7,1,4,2,1,1,1,5,1,25,26,N
20-03-2018-18-62372,UNION-CRANFORD TWP,4,N,N,N,7,11,7,1,4,2,1,6,1,5,1,25,59,N
20-04-2018-18-154863,UNION-ELIZABETH CITY,4,N,N,N,2,1,7,1,4,2,1,6,1,5,1,25,26,N
20-04-2018-18-015518,UNION-ELIZABETH CITY,4,Y,N,N,2,13,7,1,4,2,2,1,2,4,1,,22,N
20-04-2018-18-058404,UNION-ELIZABETH CITY,5,N,N,N,1,13,7,1,4,2,2,6,2,4,1,,,N
20-04-2018-18-160370,UNION-ELIZABETH CITY,4,N,N,N,2,13,7,1,4,2,2,5,2,5,,25,22,N
20-04-2018-18-055066,UNION-ELIZABETH CITY,4,Y,N,N,2,3,7,1,4,1,1,6,1,4,1,25,26,N
20-04-2018-18-139071,UNION-ELIZABETH CITY,5,N,N,N,2,6,7,1,4,2,1,6,1,4,1,25,,N
20-04-2018-18-159089,UNION-ELIZABETH CITY,4,N,N,N,2,3,5,1,4,2,2,1,2,5,1,25,26,N
20-04-2018-18-143280,UNION-ELIZABETH CITY,5,N,N,N,1,13,2,1,6,2,1,6,1,4,1,25,22,N
20-04-2018-18-000952,UNION-ELIZABETH CITY,4,Y,N,N,7,11,2,1,4,2,1,6,1,4,1,25,54,N
20-04-2018-18-077988,UNION-ELIZABETH CITY,4,N,N,N,4,4,2,1,4,2,1,6,1,4,1,45,26,N
20-04-2018-18-005875,UNION-ELIZABETH CITY,4,N,N,N,2,2,7,3,4,2,1,1,5,4,1,25,26,N
20-04-2018-18-160183,UNION-ELIZABETH CITY,4,Y,N,N,2,4,2,2,4,2,1,1,5,5,1,25,,N
20-04-2018-18-104986,UNION-ELIZABETH CITY,5,Y,N,N,1,13,2,1,4,2,1,6,1,1,,,,N
20-04-2018-18-125582,UNION-ELIZABETH CITY,4,Y,N,N,2,3,7,1,4,2,1,6,1,5,1,,26,N
20-04-2018-18-155530,UNION-ELIZABETH CITY,4,N,N,N,2,1,2,1,5,2,1,6,1,1,1,,26,N
20-04-2018-18-155341,UNION-ELIZABETH CITY,4,N,N,N,1,13,7,1,4,2,1,1,1,5,1,,26,N
20-04-2018-18-155404,UNION-ELIZABETH CITY,4,Y,N,N,2,3,2,1,4,2,1,1,1,5,1,45,26,N
20-04-2018-18-155259,UNION-ELIZABETH CITY,4,N,N,N,7,11,2,1,4,2,1,6,1,1,1,,47,N
20-04-2018-18-111960,UNION-ELIZABETH CITY,4,Y,Y,N,2,3,5,1,4,2,1,6,1,5,1,25,26,N
20-04-2018-18-139094,UNION-ELIZABETH CITY,4,N,N,N,1,13,7,1,4,2,1,1,1,4,1,,26,N
20-04-2018-18-125925,UNION-ELIZABETH CITY,4,N,Y,N,7,11,2,1,4,2,1,1,1,4,1,25,60,N
20-04-2018-18-160314,UNION-ELIZABETH CITY,4,N,N,N,2,1,2,1,4,2,6,5,2,3,1,25,26,N
20-04-2018-18-021088,UNION-ELIZABETH CITY,4,Y,N,N,2,13,2,1,4,2,1,1,1,5,1,25,22,N
20-04-2018-18-155566,UNION-ELIZABETH CITY,4,N,N,N,2,6,2,1,4,2,1,6,1,2,1,,26,N
20-04-2018-18-005991,UNION-ELIZABETH CITY,4,Y,N,N,2,13,2,1,4,2,1,7,1,5,1,25,22,N
20-04-2018-18-157214,UNION-ELIZABETH CITY,4,N,Y,N,2,1,7,1,4,2,1,6,1,4,1,,26,N
20-04-2018-18-154651,UNION-ELIZABETH CITY,4,N,N,N,2,1,7,1,5,2,1,6,1,5,1,,26,N
20-04-2018-18-157873,UNION-ELIZABETH CITY,4,Y,N,N,2,4,7,1,4,2,1,1,1,5,1,,26,N
20-04-2018-18-160148,UNION-ELIZABETH CITY,4,N,N,N,2,8,7,1,4,2,1,1,1,5,1,,26,N
20-04-2018-18-104486,UNION-ELIZABETH CITY,5,Y,N,N,7,11,2,1,,2,1,1,1,1,1,40,52,N
20-04-2018-18-154559,UNION-ELIZABETH CITY,4,N,N,N,1,13,2,1,4,2,1,1,1,4,1,25,26,N
20-04-2018-18-160284,UNION-ELIZABETH CITY,4,N,N,N,1,13,5,1,4,2,2,6,2,4,1,,26,N
20-04-2018-18-154421,UNION-ELIZABETH CITY,4,N,N,N,2,7,5,1,4,2,1,1,1,2,1,,26,N
20-05-2018-2018-026135,UNION-FANWOOD BORO,4,Y,Y,N,3,10,2,1,4,2,1,6,1,5,1,35,,N
20-07-2018-18-33472,UNION-HILLSIDE TWP,5,N,N,N,7,11,2,1,4,2,1,6,1,1,1,45,54,N
20-07-2018-18-33654,UNION-HILLSIDE TWP,4,Y,N,N,2,3,5,1,4,2,1,6,1,5,1,25,26,N
20-07-2018-18-17987,UNION-HILLSIDE TWP,4,Y,N,N,2,4,2,1,4,2,1,1,1,5,1,35,26,N
20-07-2018-18-34173,UNION-HILLSIDE TWP,4,Y,N,N,2,14,7,1,4,2,2,6,2,5,1,25,21,N
20-07-2018-18-33523,UNION-HILLSIDE TWP,4,N,Y,N,7,2,2,1,4,2,1,6,1,1,1,45,26,N
20-07-2018-18-23679,UNION-HILLSIDE TWP,4,N,N,N,7,11,7,1,4,2,1,1,1,4,1,25,60,N
20-07-2018-E040-2018-01065A,UNION-HILLSIDE TWP,5,N,N,N,7,11,3,2,4,1,1,1,5,1,1,55,56,N
20-08-2018-18-24520,UNION-KENILWORTH BORO,4,N,N,N,2,6,5,1,4,2,2,6,2,4,1,25,,N
20-08-2018-18-14865,UNION-KENILWORTH BORO,4,N,Y,N,7,11,7,1,4,2,2,5,2,5,1,25,69,N
20-08-2018-18-13297,UNION-KENILWORTH BORO,5,N,N,N,5,14,5,2,4,2,1,1,1,4,1,25,21,N
20-09-2018-18043947,UNION-LINDEN CITY,5,N,N,N,1,13,5,1,4,2,1,7,1,5,1,25,22,N
20-09-2018-18054318,UNION-LINDEN CITY,4,N,N,N,2,13,2,1,4,2,2,7,2,5,1,30,22,N
20-09-2018-18037193,UNION-LINDEN CITY,4,Y,N,N,2,3,5,1,4,2,1,1,1,5,1,35,26,N
20-09-2018-18046144,UNION-LINDEN CITY,5,N,Y,N,3,1,2,1,4,2,1,7,1,2,1,45,26,N
20-09-2018-18035571,UNION-LINDEN CITY,5,N,Y,N,1,13,5,1,4,2,1,5,1,5,1,35,22,N
20-09-2018-D030-2018-02840A,UNION-LINDEN CITY,5,N,Y,N,2,1,3,1,4,2,1,1,1,1,1,55,26,N
20-09-2018-18004260,UNION-LINDEN CITY,4,Y,N,N,7,3,5,1,5,2,1,1,1,5,1,25,26,N
20-09-2018-18055574,UNION-LINDEN CITY,5,N,N,N,1,13,5,1,4,2,1,7,1,5,1,25,22,N
20-09-2018-18027018,UNION-LINDEN CITY,5,Y,N,N,2,3,2,1,4,2,1,1,1,5,1,35,26,N
20-09-2018-18047421,UNION-LINDEN CITY,5,Y,N,N,2,7,2,1,4,2,1,1,1,5,1,35,26,N
20-09-2018-18042489,UNION-LINDEN CITY,4,Y,N,N,2,3,5,1,4,2,1,3,5,5,1,25,26,N
20-10-2018-I-2018-009202,UNION-MOUNTAINSIDE BORO,4,N,N,N,2,13,2,3,7,2,2,5,1,1,1,45,26,N
20-11-2018-2018-16523,UNION-NEW PROVIDENCE BORO,4,Y,N,N,2,3,7,1,6,2,2,5,2,5,1,35,26,N
20-11-2018-2018-10582,UNION-NEW PROVIDENCE BORO,4,N,Y,N,2,4,7,1,4,2,1,5,1,5,1,25,26,N
20-11-2018-18-8387,UNION-NEW PROVIDENCE BORO,5,N,N,N,9,16,7,1,5,2,3,6,3,5,1,35,,N
20-11-2018-2018-17202,UNION-NEW PROVIDENCE BORO,4,Y,N,N,2,3,5,1,4,2,1,2,1,5,1,35,26,N
20-11-2018-2018-09898,UNION-NEW PROVIDENCE BORO,4,Y,N,N,7,1,5,1,4,2,1,1,1,5,1,45,26,N
20-12-2018-18046568,UNION-PLAINFIELD CITY,4,Y,N,N,2,3,7,1,4,2,1,6,1,5,1,25,26,N
20-12-2018-18003900,UNION-PLAINFIELD CITY,4,Y,N,N,7,3,7,1,4,2,1,1,1,5,1,25,26,N
20-12-2018-18025266,UNION-PLAINFIELD CITY,5,Y,N,N,1,3,7,1,4,2,1,1,1,5,1,25,26,N
20-12-2018-18045940,UNION-PLAINFIELD CITY,5,N,N,N,7,11,7,1,4,2,1,7,1,5,1,25,,N
20-12-2018-18027615,UNION-PLAINFIELD CITY,5,N,N,N,7,11,7,1,4,2,1,1,1,5,1,25,56,N
20-12-2018-18018758,UNION-PLAINFIELD CITY,5,N,N,N,1,13,7,1,4,2,2,7,2,5,1,25,22,N
20-13-2018-18-51318,UNION-RAHWAY CITY,4,N,N,N,2,1,2,1,4,2,1,1,1,4,1,35,26,N
20-13-2018-18-13235,UNION-RAHWAY CITY,5,N,N,N,1,13,2,1,4,2,1,4,1,4,1,35,,N
20-13-2018-18-16823,UNION-RAHWAY CITY,5,Y,N,N,1,13,7,1,4,2,1,3,1,4,1,25,22,N
20-13-2018-18-25637,UNION-RAHWAY CITY,5,N,N,N,2,4,2,1,4,2,1,1,1,5,1,35,26,N
20-13-2018-18-50341,UNION-RAHWAY CITY,4,Y,N,N,2,3,2,1,4,2,1,1,1,4,1,35,26,N
20-13-2018-18-51012,UNION-RAHWAY CITY,4,Y,N,N,2,4,2,1,4,2,2,1,2,4,1,25,,N
20-13-2018-18-50282,UNION-RAHWAY CITY,4,N,N,N,2,13,5,1,4,2,1,6,1,5,1,25,22,N
20-13-2018-18-50313,UNION-RAHWAY CITY,4,Y,N,N,2,4,2,1,4,2,1,1,1,4,1,45,26,N
20-14-2018-18-30088,UNION-ROSELLE BORO,5,N,N,N,1,13,2,3,4,2,2,6,1,5,1,30,22,N
20-14-2018-18-25452,UNION-ROSELLE BORO,5,N,N,N,1,13,2,1,4,2,1,6,1,5,1,30,22,N
20-15-2018-18-15725,UNION-ROSELLE PARK BORO,5,Y,N,N,1,13,2,1,4,2,1,1,1,3,1,35,22,N
20-16-2018-2018-088102,UNION-SCOTCH PLAINS TWP,4,N,N,N,4,13,5,1,4,2,1,3,1,5,1,30,22,N
20-16-2018-I-2018-02947,UNION-SCOTCH PLAINS TWP,4,N,N,N,2,5,5,1,4,2,2,6,2,5,1,35,26,N
20-16-2018-18-26055,UNION-SCOTCH PLAINS TWP,4,Y,N,N,2,7,5,2,4,2,1,1,1,5,1,35,26,N
20-17-2018-B130-2018-00320A,UNION-SPRINGFIELD TWP,4,N,N,N,4,11,1,3,6,2,1,1,1,1,1,65,46,N
20-17-2018-B130-2018-00369A,UNION-SPRINGFIELD TWP,4,N,N,N,4,2,1,1,4,2,1,1,1,1,1,65,26,N
20-17-2018-B130-2018-03593A,UNION-SPRINGFIELD TWP,4,N,N,N,2,2,1,1,4,2,1,1,1,1,1,65,26,N
20-17-2018-I-2018-006400,UNION-SPRINGFIELD TWP,4,Y,N,N,4,11,2,1,4,2,1,1,1,4,1,,56,N
20-17-2018-I-2018-010627,UNION-SPRINGFIELD TWP,4,Y,N,N,2,13,2,1,4,2,1,1,1,4,1,35,22,N
20-18-2018-2018-33065,UNION-SUMMIT CITY,4,Y,N,N,2,3,7,1,4,2,1,1,1,5,,25,22,N
20-18-2018-B130-2018-00864A,UNION-SUMMIT CITY,5,N,Y,N,4,15,1,1,4,2,1,1,1,1,1,65,39,N
20-19-2018-UP-099827-18,UNION-UNION TWP,4,N,N,N,2,1,2,1,4,2,1,1,1,4,1,35,26,N
20-19-2018-UP-056574-18,UNION-UNION TWP,4,N,N,N,7,11,2,1,6,2,1,6,1,1,1,30,54,N
20-19-2018-UP-017145-18,UNION-UNION TWP,4,Y,N,N,7,11,2,1,4,2,2,1,3,4,1,30,53,N
20-19-2018-UP-06116-18UP-0778?,UNION-UNION TWP,4,Y,Y,N,7,11,2,1,4,2,1,1,1,1,1,45,56,N
20-19-2018-UP-00780-18UP-0115?,UNION-UNION TWP,4,Y,N,N,2,3,7,1,6,2,1,1,1,5,1,25,26,N
20-19-2018-UP-05274-18,UNION-UNION TWP,5,N,N,N,1,13,2,1,4,2,2,5,2,2,1,45,22,N
21-01-2018-B020-2018-00415A,WARREN-ALLAMUCHY TWP,4,N,N,N,3,10,5,1,5,2,1,1,1,5,1,45,1,N
21-02-2018-B110-2018-00931A,WARREN-ALPHA BORO,5,N,Y,N,4,4,3,1,4,2,1,5,1,1,1,65,26,N
21-04-2018-B020-2018-00103A,WARREN-BLAIRSTOWN TWP,4,N,Y,N,4,11,7,2,5,2,5,5,2,5,1,25,60,N
21-04-2018-2018-003779,WARREN-BLAIRSTOWN TWP,5,Y,N,N,4,3,2,1,4,2,1,1,1,5,1,50,26,N
21-05-2018-2015-008450,WARREN-FRANKLIN TWP,5,N,N,N,2,2,2,1,5,1,1,1,1,5,1,50,,N
21-07-2018-B110-2018-00677A,WARREN-GREENWICH TWP,4,N,N,N,4,11,1,1,5,2,1,1,1,1,1,65,46,N
21-07-2018-2018-009864,WARREN-GREENWICH TWP,4,N,N,N,2,5,2,1,5,1,2,6,2,5,1,50,26,N
21-09-2018-B020-2018-00240A,WARREN-HARDWICK TWP,5,N,N,N,3,10,1,2,4,2,1,6,1,1,1,50,1,N
21-10-2018-B150-2018-00257A,WARREN-HARMONY TWP,4,N,N,N,4,10,7,2,5,2,1,1,1,5,1,25,1,N
21-11-2018-B020-2018-00045A,WARREN-HOPE TWP,4,N,N,N,1,13,1,2,4,2,2,5,2,1,1,65,22,N
21-13-2018-B020-2018-00265A,WARREN-KNOWLTON TWP,4,N,N,N,4,2,1,1,4,2,1,1,1,1,1,65,26,N
21-13-2018-B020-2018-00538A,WARREN-KNOWLTON TWP,5,N,Y,N,4,11,1,1,4,2,1,5,1,3,1,65,60,N
21-13-2018-B020-2018-00320A,WARREN-KNOWLTON TWP,4,N,Y,N,4,11,2,2,5,2,2,7,2,5,1,35,46,N
21-16-2018-2018-005287,WARREN-MANSFIELD TWP,4,N,N,N,4,11,5,1,4,2,1,1,1,5,1,45,60,N
21-16-2018-2018-006440,WARREN-MANSFIELD TWP,4,N,N,N,4,11,7,1,4,2,1,1,1,5,1,25,,N
21-19-2018-2018-013627,WARREN-PHILLIPSBURG TOWN,5,Y,N,N,7,3,5,1,4,2,1,1,1,5,1,25,26,N
21-19-2018-2018-028220,WARREN-PHILLIPSBURG TOWN,4,N,N,N,2,13,7,1,4,2,1,1,1,4,1,35,22,N
21-20-2018-2018-015276,WARREN-POHATCONG TWP,4,N,N,N,2,13,9,1,4,2,2,1,2,5,1,15,22,N
21-21-2018-2018-017515,WARREN-WASHINGTON BORO,4,Y,N,N,1,13,2,1,4,2,1,7,1,5,1,35,22,N
21-21-2018-2018-009245,WARREN-WASHINGTON BORO,4,N,N,N,4,11,2,1,4,2,1,1,1,5,1,25,52,N
21-21-2018-2018-016749,WARREN-WASHINGTON BORO,4,Y,N,N,2,13,2,1,4,2,2,2,5,5,1,30,26,N
21-22-2018-2018-017697,WARREN-WASHINGTON TWP,4,Y,N,N,1,13,2,1,6,2,1,5,1,5,1,35,22,N
21-22-2018-2018-017993,WARREN-WASHINGTON TWP,4,N,N,N,4,4,2,1,4,2,1,1,1,5,1,50,26,N
21-22-2018-2018-011147,WARREN-WASHINGTON TWP,5,Y,Y,N,4,11,5,1,4,2,1,7,1,5,1,36,52,N
21-23-2018-B150-2018-00338A,WARREN-WHITE TWP,4,N,N,N,4,11,5,3,6,2,1,1,1,5,1,50,46,N
21-23-2018-B150-2018-00268A,WARREN-WHITE TWP,4,N,N,N,4,10,5,3,6,2,1,1,1,5,1,50,46,N
21-23-2018-B150-2018-00068A,WARREN-WHITE TWP,4,N,N,N,4,4,5,1,4,2,1,1,1,5,1,50,26,N
21-23-2018-B150-2018-00196A,WARREN-WHITE TWP,4,N,N,N,7,11,5,1,5,2,1,1,1,5,1,40,46,N